timestamp,database,model,scenario,cache_mode,execution_mode,workers,run_number,duration_ms,rows_returned,python_cpu_percent,python_memory_mb,python_memory_diff_mb,docker_container,docker_cpu_percent,docker_memory_usage,docker_memory_percent,error
2026-06-08T23:28:03.604834,PostgreSQL,Relational,dashboard_statistics,warm,single_process,1,1,24.851,1,0.0,127.4141,0.0,scheduling-postgres,0.0,23.12MiB / 15.58GiB,0.14,
2026-06-08T23:28:08.438759,PostgreSQL,Relational,dashboard_statistics,warm,multi_process,4,1,1764.6165,4,0.0,127.5,0.0859,scheduling-postgres,0.0,23.72MiB / 15.58GiB,0.15,
2026-06-08T23:28:12.454140,PostgreSQL,Relational,dashboard_statistics,warm,single_process,1,2,21.9727,1,0.0,127.5078,0.0,scheduling-postgres,0.01,23.43MiB / 15.58GiB,0.15,
2026-06-08T23:28:16.938838,PostgreSQL,Relational,dashboard_statistics,warm,multi_process,4,2,1401.9522,4,0.0,127.5078,0.0,scheduling-postgres,0.0,23.64MiB / 15.58GiB,0.15,
2026-06-08T23:28:20.969647,PostgreSQL,Relational,dashboard_statistics,warm,single_process,1,3,27.1384,1,57.5,127.5078,0.0,scheduling-postgres,0.01,23.16MiB / 15.58GiB,0.15,
2026-06-08T23:28:25.453856,PostgreSQL,Relational,dashboard_statistics,warm,multi_process,4,3,1415.503,4,0.0,127.5078,0.0,scheduling-postgres,0.0,23.4MiB / 15.58GiB,0.15,
2026-06-08T23:28:29.456770,PostgreSQL,Relational,dashboard_statistics,warm,single_process,1,4,14.7519,1,0.0,127.5078,0.0,scheduling-postgres,0.0,23.57MiB / 15.58GiB,0.15,
2026-06-08T23:28:33.880523,PostgreSQL,Relational,dashboard_statistics,warm,multi_process,4,4,1363.8359,4,1.1,127.5078,0.0,scheduling-postgres,0.0,23.51MiB / 15.58GiB,0.15,
2026-06-08T23:28:37.917415,PostgreSQL,Relational,dashboard_statistics,warm,single_process,1,5,44.45,1,35.1,127.5078,0.0,scheduling-postgres,0.01,22.99MiB / 15.58GiB,0.14,
2026-06-08T23:28:42.333082,PostgreSQL,Relational,dashboard_statistics,warm,multi_process,4,5,1368.0126,4,3.4,127.5078,0.0,scheduling-postgres,0.01,23.91MiB / 15.58GiB,0.15,
2026-06-08T23:28:46.366488,PostgreSQL,Relational,dashboard_statistics,warm,single_process,1,6,30.7509,1,0.0,127.5078,0.0,scheduling-postgres,0.0,23.36MiB / 15.58GiB,0.15,
2026-06-08T23:28:50.943676,PostgreSQL,Relational,dashboard_statistics,warm,multi_process,4,6,1525.2131,4,0.0,127.5078,0.0,scheduling-postgres,0.0,23.61MiB / 15.58GiB,0.15,
2026-06-08T23:28:54.984754,PostgreSQL,Relational,dashboard_statistics,warm,single_process,1,7,14.341,1,0.0,127.5078,0.0,scheduling-postgres,0.0,23.4MiB / 15.58GiB,0.15,
2026-06-08T23:28:59.460831,PostgreSQL,Relational,dashboard_statistics,warm,multi_process,4,7,1418.7656,4,1.1,127.457,-0.0508,scheduling-postgres,0.0,23.81MiB / 15.58GiB,0.15,
2026-06-08T23:29:03.487865,PostgreSQL,Relational,dashboard_statistics,warm,single_process,1,8,23.5275,1,0.0,127.457,0.0,scheduling-postgres,0.0,23.11MiB / 15.58GiB,0.14,
2026-06-08T23:29:08.245020,PostgreSQL,Relational,dashboard_statistics,warm,multi_process,4,8,1698.1476,4,0.0,127.457,0.0,scheduling-postgres,0.0,24.08MiB / 15.58GiB,0.15,
2026-06-08T23:29:12.254680,PostgreSQL,Relational,dashboard_statistics,warm,single_process,1,9,31.4165,1,49.7,127.457,0.0,scheduling-postgres,0.01,23.75MiB / 15.58GiB,0.15,
2026-06-08T23:29:16.659702,PostgreSQL,Relational,dashboard_statistics,warm,multi_process,4,9,1342.6027,4,1.2,127.457,0.0,scheduling-postgres,0.0,23.57MiB / 15.58GiB,0.15,
2026-06-08T23:29:20.689473,PostgreSQL,Relational,dashboard_statistics,warm,single_process,1,10,24.9918,1,0.0,127.457,0.0,scheduling-postgres,0.0,23.59MiB / 15.58GiB,0.15,
2026-06-08T23:29:25.118874,PostgreSQL,Relational,dashboard_statistics,warm,multi_process,4,10,1348.8962,4,0.0,127.457,0.0,scheduling-postgres,0.0,23.53MiB / 15.58GiB,0.15,
2026-06-08T23:29:29.149893,PostgreSQL,Relational,full_schedule,warm,single_process,1,1,37.7442,0,41.4,127.457,0.0,scheduling-postgres,0.0,23.88MiB / 15.58GiB,0.15,
2026-06-08T23:29:33.555490,PostgreSQL,Relational,full_schedule,warm,multi_process,4,1,1345.0329,0,0.0,127.457,0.0,scheduling-postgres,0.0,24.09MiB / 15.58GiB,0.15,
2026-06-08T23:29:37.593559,PostgreSQL,Relational,full_schedule,warm,single_process,1,2,26.3621,0,0.0,127.457,0.0,scheduling-postgres,0.0,23.33MiB / 15.58GiB,0.15,
2026-06-08T23:29:42.019903,PostgreSQL,Relational,full_schedule,warm,multi_process,4,2,1371.9083,0,1.1,127.457,0.0,scheduling-postgres,0.0,23.79MiB / 15.58GiB,0.15,
2026-06-08T23:29:46.030671,PostgreSQL,Relational,full_schedule,warm,single_process,1,3,32.4656,0,48.1,127.457,0.0,scheduling-postgres,0.0,23.12MiB / 15.58GiB,0.14,
2026-06-08T23:29:50.438410,PostgreSQL,Relational,full_schedule,warm,multi_process,4,3,1339.2336,0,0.0,127.457,0.0,scheduling-postgres,0.0,24.06MiB / 15.58GiB,0.15,
2026-06-08T23:29:54.450227,PostgreSQL,Relational,full_schedule,warm,single_process,1,4,25.1883,0,0.0,127.457,0.0,scheduling-postgres,0.0,23.27MiB / 15.58GiB,0.15,
2026-06-08T23:29:58.871130,PostgreSQL,Relational,full_schedule,warm,multi_process,4,4,1357.8899,0,1.2,127.457,0.0,scheduling-postgres,0.0,23.81MiB / 15.58GiB,0.15,
2026-06-08T23:30:02.900681,PostgreSQL,Relational,full_schedule,warm,single_process,1,5,29.4521,0,0.0,127.457,0.0,scheduling-postgres,0.01,23.58MiB / 15.58GiB,0.15,
2026-06-08T23:30:07.590941,PostgreSQL,Relational,full_schedule,warm,multi_process,4,5,1622.634,0,1.9,127.4453,0.0,scheduling-postgres,0.0,23.23MiB / 15.58GiB,0.15,
2026-06-08T23:30:11.601622,PostgreSQL,Relational,full_schedule,warm,single_process,1,6,15.8859,0,98.2,127.4453,0.0,scheduling-postgres,0.0,23.26MiB / 15.58GiB,0.15,
2026-06-08T23:30:16.053459,PostgreSQL,Relational,full_schedule,warm,multi_process,4,6,1379.0135,0,0.0,127.4141,0.0,scheduling-postgres,0.0,23.05MiB / 15.58GiB,0.14,
2026-06-08T23:30:20.074171,PostgreSQL,Relational,full_schedule,warm,single_process,1,7,21.8767,0,71.4,127.4141,0.0,scheduling-postgres,0.0,23.09MiB / 15.58GiB,0.14,
2026-06-08T23:30:24.513250,PostgreSQL,Relational,full_schedule,warm,multi_process,4,7,1378.2744,0,1.1,127.4141,0.0,scheduling-postgres,0.0,24MiB / 15.58GiB,0.15,
2026-06-08T23:30:28.519006,PostgreSQL,Relational,full_schedule,warm,single_process,1,8,41.2779,0,37.8,127.4141,0.0,scheduling-postgres,0.0,23.5MiB / 15.58GiB,0.15,
2026-06-08T23:30:32.971033,PostgreSQL,Relational,full_schedule,warm,multi_process,4,8,1376.5981,0,0.0,127.4141,0.0,scheduling-postgres,0.01,23.59MiB / 15.58GiB,0.15,
2026-06-08T23:30:36.986186,PostgreSQL,Relational,full_schedule,warm,single_process,1,9,29.6926,0,52.6,127.4141,0.0,scheduling-postgres,0.0,23.36MiB / 15.58GiB,0.15,
2026-06-08T23:30:41.488043,PostgreSQL,Relational,full_schedule,warm,multi_process,4,9,1412.7806,0,0.0,127.4141,0.0,scheduling-postgres,0.0,23.8MiB / 15.58GiB,0.15,
2026-06-08T23:30:45.503152,PostgreSQL,Relational,full_schedule,warm,single_process,1,10,35.4847,0,44.0,127.4141,0.0,scheduling-postgres,0.0,23.37MiB / 15.58GiB,0.15,
2026-06-08T23:30:49.951842,PostgreSQL,Relational,full_schedule,warm,multi_process,4,10,1373.7038,0,0.0,127.4141,0.0,scheduling-postgres,0.0,23.69MiB / 15.58GiB,0.15,
2026-06-08T23:30:53.985180,PostgreSQL,Relational,employee_assignments,warm,single_process,1,1,38.7455,53,0.0,127.4141,0.0,scheduling-postgres,0.01,22.97MiB / 15.58GiB,0.14,
2026-06-08T23:30:58.535167,PostgreSQL,Relational,employee_assignments,warm,multi_process,4,1,1458.1688,212,1.1,127.4141,0.0,scheduling-postgres,0.0,23.63MiB / 15.58GiB,0.15,
2026-06-08T23:31:02.562193,PostgreSQL,Relational,employee_assignments,warm,single_process,1,2,14.2237,53,0.0,127.4141,0.0,scheduling-postgres,0.0,23.36MiB / 15.58GiB,0.15,
2026-06-08T23:31:07.022226,PostgreSQL,Relational,employee_assignments,warm,multi_process,4,2,1380.5897,212,0.0,127.4141,0.0,scheduling-postgres,0.0,23.43MiB / 15.58GiB,0.15,
2026-06-08T23:31:11.037117,PostgreSQL,Relational,employee_assignments,warm,single_process,1,3,22.751,53,0.0,127.4141,0.0,scheduling-postgres,0.0,23.25MiB / 15.58GiB,0.15,
2026-06-08T23:31:15.603359,PostgreSQL,Relational,employee_assignments,warm,multi_process,4,3,1477.775,212,0.0,127.4141,0.0,scheduling-postgres,0.0,23.24MiB / 15.58GiB,0.15,
2026-06-08T23:31:19.610431,PostgreSQL,Relational,employee_assignments,warm,single_process,1,4,23.3917,53,0.0,127.4141,0.0,scheduling-postgres,0.0,23.33MiB / 15.58GiB,0.15,
2026-06-08T23:31:24.113036,PostgreSQL,Relational,employee_assignments,warm,multi_process,4,4,1449.6637,212,4.3,127.4141,0.0,scheduling-postgres,0.0,23.49MiB / 15.58GiB,0.15,
2026-06-08T23:31:28.128908,PostgreSQL,Relational,employee_assignments,warm,single_process,1,5,31.1175,53,0.0,127.4141,0.0,scheduling-postgres,0.0,23.36MiB / 15.58GiB,0.15,
2026-06-08T23:31:32.556257,PostgreSQL,Relational,employee_assignments,warm,multi_process,4,5,1356.1395,212,0.0,127.4141,0.0,scheduling-postgres,0.01,23.62MiB / 15.58GiB,0.15,
2026-06-08T23:31:36.566935,PostgreSQL,Relational,employee_assignments,warm,single_process,1,6,23.3379,53,66.9,127.4141,0.0,scheduling-postgres,0.0,23.25MiB / 15.58GiB,0.15,
2026-06-08T23:31:41.014915,PostgreSQL,Relational,employee_assignments,warm,multi_process,4,6,1380.538,212,2.3,127.4141,0.0,scheduling-postgres,0.0,23MiB / 15.58GiB,0.14,
2026-06-08T23:31:45.023852,PostgreSQL,Relational,employee_assignments,warm,single_process,1,7,25.6251,53,0.0,127.4141,0.0,scheduling-postgres,0.01,23.03MiB / 15.58GiB,0.14,
2026-06-08T23:31:49.474393,PostgreSQL,Relational,employee_assignments,warm,multi_process,4,7,1374.4557,212,1.1,127.4141,0.0,scheduling-postgres,0.0,23.69MiB / 15.58GiB,0.15,
2026-06-08T23:31:53.490892,PostgreSQL,Relational,employee_assignments,warm,single_process,1,8,29.648,53,0.0,127.4141,0.0,scheduling-postgres,0.0,22.96MiB / 15.58GiB,0.14,
2026-06-08T23:31:57.899059,PostgreSQL,Relational,employee_assignments,warm,multi_process,4,8,1358.6564,212,1.2,127.4141,0.0,scheduling-postgres,0.0,23.96MiB / 15.58GiB,0.15,
2026-06-08T23:32:01.935673,PostgreSQL,Relational,employee_assignments,warm,single_process,1,9,29.4637,53,0.0,127.4141,0.0,scheduling-postgres,0.0,23.43MiB / 15.58GiB,0.15,
2026-06-08T23:32:06.412651,PostgreSQL,Relational,employee_assignments,warm,multi_process,4,9,1423.4187,212,2.2,127.4141,0.0,scheduling-postgres,0.0,23.48MiB / 15.58GiB,0.15,
2026-06-08T23:32:10.434119,PostgreSQL,Relational,employee_assignments,warm,single_process,1,10,23.7577,53,65.7,127.4141,0.0,scheduling-postgres,0.0,23.46MiB / 15.58GiB,0.15,
2026-06-08T23:32:14.921396,PostgreSQL,Relational,employee_assignments,warm,multi_process,4,10,1405.5843,212,0.0,127.4141,0.0,scheduling-postgres,0.0,23.78MiB / 15.58GiB,0.15,
2026-06-08T23:32:18.947656,PostgreSQL,Relational,annual_leave_overlap,warm,single_process,1,1,22.4686,0,0.0,127.4141,0.0,scheduling-postgres,0.0,23.24MiB / 15.58GiB,0.15,
2026-06-08T23:32:23.552094,PostgreSQL,Relational,annual_leave_overlap,warm,multi_process,4,1,1508.2986,0,0.0,127.4141,0.0,scheduling-postgres,0.0,23.66MiB / 15.58GiB,0.15,
2026-06-08T23:32:27.579203,PostgreSQL,Relational,annual_leave_overlap,warm,single_process,1,2,24.1425,0,0.0,127.4141,0.0,scheduling-postgres,0.01,23.25MiB / 15.58GiB,0.15,
2026-06-08T23:32:32.015922,PostgreSQL,Relational,annual_leave_overlap,warm,multi_process,4,2,1364.6469,0,1.1,127.4141,0.0,scheduling-postgres,0.0,23.38MiB / 15.58GiB,0.15,
2026-06-08T23:32:36.019184,PostgreSQL,Relational,annual_leave_overlap,warm,single_process,1,3,33.5489,0,46.5,127.4141,0.0,scheduling-postgres,0.0,23.04MiB / 15.58GiB,0.14,
2026-06-08T23:32:40.489174,PostgreSQL,Relational,annual_leave_overlap,warm,multi_process,4,3,1414.5665,0,1.1,127.4141,0.0,scheduling-postgres,0.0,23.53MiB / 15.58GiB,0.15,
2026-06-08T23:32:44.504480,PostgreSQL,Relational,annual_leave_overlap,warm,single_process,1,4,23.567,0,0.0,127.4141,0.0,scheduling-postgres,0.0,22.91MiB / 15.58GiB,0.14,
2026-06-08T23:32:49.004501,PostgreSQL,Relational,annual_leave_overlap,warm,multi_process,4,4,1422.9269,0,0.0,127.4141,0.0,scheduling-postgres,0.0,23.91MiB / 15.58GiB,0.15,
2026-06-08T23:32:53.023908,PostgreSQL,Relational,annual_leave_overlap,warm,single_process,1,5,13.2331,0,0.0,127.4141,0.0,scheduling-postgres,0.01,23.2MiB / 15.58GiB,0.15,
2026-06-08T23:32:57.464846,PostgreSQL,Relational,annual_leave_overlap,warm,multi_process,4,5,1383.8443,0,0.0,127.4141,0.0,scheduling-postgres,0.0,23.38MiB / 15.58GiB,0.15,
2026-06-08T23:33:01.484854,PostgreSQL,Relational,annual_leave_overlap,warm,single_process,1,6,36.1445,0,43.2,127.5352,0.0,scheduling-postgres,0.0,23.08MiB / 15.58GiB,0.14,
2026-06-08T23:33:05.909259,PostgreSQL,Relational,annual_leave_overlap,warm,multi_process,4,6,1372.0932,0,2.3,127.5352,0.0,scheduling-postgres,0.0,23.39MiB / 15.58GiB,0.15,
2026-06-08T23:33:09.928932,PostgreSQL,Relational,annual_leave_overlap,warm,single_process,1,7,26.512,0,58.9,127.5352,0.0,scheduling-postgres,0.0,23.44MiB / 15.58GiB,0.15,
2026-06-08T23:33:14.349535,PostgreSQL,Relational,annual_leave_overlap,warm,multi_process,4,7,1353.1922,0,0.0,127.5352,0.0,scheduling-postgres,0.0,23.43MiB / 15.58GiB,0.15,
2026-06-08T23:33:18.364109,PostgreSQL,Relational,annual_leave_overlap,warm,single_process,1,8,23.6301,0,0.0,127.5352,0.0,scheduling-postgres,0.01,23.02MiB / 15.58GiB,0.14,
2026-06-08T23:33:22.934557,PostgreSQL,Relational,annual_leave_overlap,warm,multi_process,4,8,1495.5915,0,0.0,127.5352,0.0,scheduling-postgres,0.0,23.63MiB / 15.58GiB,0.15,
2026-06-08T23:33:26.959895,PostgreSQL,Relational,annual_leave_overlap,warm,single_process,1,9,25.174,0,62.0,127.5352,0.0,scheduling-postgres,0.0,23.38MiB / 15.58GiB,0.15,
2026-06-08T23:33:31.441266,PostgreSQL,Relational,annual_leave_overlap,warm,multi_process,4,9,1406.1533,0,2.2,127.5352,0.0,scheduling-postgres,0.0,23.91MiB / 15.58GiB,0.15,
2026-06-08T23:33:35.455972,PostgreSQL,Relational,annual_leave_overlap,warm,single_process,1,10,39.1315,0,79.8,127.5352,0.0,scheduling-postgres,0.0,23.79MiB / 15.58GiB,0.15,
2026-06-08T23:33:39.914191,PostgreSQL,Relational,annual_leave_overlap,warm,multi_process,4,10,1367.845,0,1.1,127.5352,0.0,scheduling-postgres,0.84,23.83MiB / 15.58GiB,0.15,
2026-06-08T23:33:43.927182,PostgreSQL,Relational,position_coverage,warm,single_process,1,1,27.1383,464,0.0,127.5352,0.0,scheduling-postgres,0.0,23.2MiB / 15.58GiB,0.15,
2026-06-08T23:33:48.419550,PostgreSQL,Relational,position_coverage,warm,multi_process,4,1,1430.4672,1856,2.2,127.5352,0.0,scheduling-postgres,0.0,23.2MiB / 15.58GiB,0.15,
2026-06-08T23:33:52.432644,PostgreSQL,Relational,position_coverage,warm,single_process,1,2,35.4647,464,44.0,127.5352,0.0,scheduling-postgres,0.0,23.14MiB / 15.58GiB,0.15,
2026-06-08T23:33:56.934681,PostgreSQL,Relational,position_coverage,warm,multi_process,4,2,1438.6316,1856,1.1,127.5352,0.0,scheduling-postgres,0.0,23.65MiB / 15.58GiB,0.15,
2026-06-08T23:34:00.956516,PostgreSQL,Relational,position_coverage,warm,single_process,1,3,26.8479,464,0.0,127.5352,0.0,scheduling-postgres,0.0,23.02MiB / 15.58GiB,0.14,
2026-06-08T23:34:05.453247,PostgreSQL,Relational,position_coverage,warm,multi_process,4,3,1411.2139,1856,1.1,127.5352,0.0,scheduling-postgres,0.0,23.6MiB / 15.58GiB,0.15,
2026-06-08T23:34:09.457423,PostgreSQL,Relational,position_coverage,warm,single_process,1,4,15.0265,464,0.0,127.5352,0.0,scheduling-postgres,0.0,23.43MiB / 15.58GiB,0.15,
2026-06-08T23:34:13.915918,PostgreSQL,Relational,position_coverage,warm,multi_process,4,4,1404.2513,1856,0.0,127.5352,0.0,scheduling-postgres,0.0,23.84MiB / 15.58GiB,0.15,
2026-06-08T23:34:17.944309,PostgreSQL,Relational,position_coverage,warm,single_process,1,5,23.0735,464,0.0,127.5352,0.0,scheduling-postgres,0.0,23.11MiB / 15.58GiB,0.14,
2026-06-08T23:34:22.411417,PostgreSQL,Relational,position_coverage,warm,multi_process,4,5,1368.8156,1856,0.0,127.5352,0.0,scheduling-postgres,0.0,23.45MiB / 15.58GiB,0.15,
2026-06-08T23:34:26.438020,PostgreSQL,Relational,position_coverage,warm,single_process,1,6,32.315,464,0.0,127.5352,0.0,scheduling-postgres,0.0,23.2MiB / 15.58GiB,0.15,
2026-06-08T23:34:31.043722,PostgreSQL,Relational,position_coverage,warm,multi_process,4,6,1541.2434,1856,1.0,127.5352,0.0,scheduling-postgres,0.0,23.48MiB / 15.58GiB,0.15,
2026-06-08T23:34:35.055350,PostgreSQL,Relational,position_coverage,warm,single_process,1,7,26.4395,464,118.1,127.5352,0.0,scheduling-postgres,0.0,23.72MiB / 15.58GiB,0.15,
2026-06-08T23:34:39.545057,PostgreSQL,Relational,position_coverage,warm,multi_process,4,7,1427.6396,1856,1.1,127.5352,0.0,scheduling-postgres,0.97,23.42MiB / 15.58GiB,0.15,
2026-06-08T23:34:43.580705,PostgreSQL,Relational,position_coverage,warm,single_process,1,8,26.2858,464,0.0,127.5,0.0,scheduling-postgres,0.0,23.34MiB / 15.58GiB,0.15,
2026-06-08T23:34:48.063323,PostgreSQL,Relational,position_coverage,warm,multi_process,4,8,1425.5277,1856,0.0,127.5,0.0,scheduling-postgres,0.0,23.8MiB / 15.58GiB,0.15,
2026-06-08T23:34:52.075526,PostgreSQL,Relational,position_coverage,warm,single_process,1,9,27.2785,464,0.0,127.5,0.0,scheduling-postgres,0.0,23.76MiB / 15.58GiB,0.15,
2026-06-08T23:34:56.641730,PostgreSQL,Relational,position_coverage,warm,multi_process,4,9,1505.954,1856,2.1,127.5,0.0,scheduling-postgres,0.0,23.31MiB / 15.58GiB,0.15,
2026-06-08T23:35:00.653959,PostgreSQL,Relational,position_coverage,warm,single_process,1,10,15.1373,464,0.0,127.5,0.0,scheduling-postgres,0.0,23.55MiB / 15.58GiB,0.15,
2026-06-08T23:35:05.283227,PostgreSQL,Relational,position_coverage,warm,multi_process,4,10,1564.8309,1856,1.0,127.5,0.0,scheduling-postgres,0.0,23.89MiB / 15.58GiB,0.15,
2026-06-08T23:35:09.304317,MongoDB,Model A - normalized,dashboard_statistics,warm,single_process,1,1,58.1798,1,26.8,127.6641,0.1641,scheduler_mongo,1.18,224.4MiB / 15.58GiB,1.41,
2026-06-08T23:35:14.317330,MongoDB,Model A - normalized,dashboard_statistics,warm,multi_process,4,1,1953.163,4,0.0,127.5,0.0,scheduler_mongo,0.5,224.8MiB / 15.58GiB,1.41,
2026-06-08T23:35:18.344695,MongoDB,Model A - normalized,dashboard_statistics,warm,single_process,1,2,53.7186,1,87.2,127.6641,0.1641,scheduler_mongo,0.61,224.5MiB / 15.58GiB,1.41,
2026-06-08T23:35:23.286878,MongoDB,Model A - normalized,dashboard_statistics,warm,multi_process,4,2,1874.5786,4,0.0,127.5,0.0,scheduler_mongo,1.04,224.8MiB / 15.58GiB,1.41,
2026-06-08T23:35:27.289545,MongoDB,Model A - normalized,dashboard_statistics,warm,single_process,1,3,51.7238,1,90.6,127.6641,0.1641,scheduler_mongo,0.52,224.5MiB / 15.58GiB,1.41,
2026-06-08T23:35:32.261443,MongoDB,Model A - normalized,dashboard_statistics,warm,multi_process,4,3,1907.6594,4,0.0,127.5,0.0,scheduler_mongo,0.44,225.2MiB / 15.58GiB,1.41,
2026-06-08T23:35:36.278680,MongoDB,Model A - normalized,dashboard_statistics,warm,single_process,1,4,58.6432,1,26.6,127.6641,0.1641,scheduler_mongo,0.94,224.3MiB / 15.58GiB,1.41,
2026-06-08T23:35:41.216940,MongoDB,Model A - normalized,dashboard_statistics,warm,multi_process,4,4,1884.0842,4,2.5,127.5,0.0,scheduler_mongo,0.79,224.5MiB / 15.58GiB,1.41,
2026-06-08T23:35:45.229123,MongoDB,Model A - normalized,dashboard_statistics,warm,single_process,1,5,47.5574,1,65.7,127.6641,0.1641,scheduler_mongo,0.38,225.1MiB / 15.58GiB,1.41,
2026-06-08T23:35:50.164756,MongoDB,Model A - normalized,dashboard_statistics,warm,multi_process,4,5,1875.5781,4,0.0,127.5,0.0,scheduler_mongo,0.97,224.9MiB / 15.58GiB,1.41,
2026-06-08T23:35:54.190882,MongoDB,Model A - normalized,dashboard_statistics,warm,single_process,1,6,39.1304,1,79.8,127.6641,0.1641,scheduler_mongo,0.8,224.7MiB / 15.58GiB,1.41,
2026-06-08T23:35:59.309342,MongoDB,Model A - normalized,dashboard_statistics,warm,multi_process,4,6,2057.0822,4,1.5,127.5,0.0,scheduler_mongo,0.43,224.5MiB / 15.58GiB,1.41,
2026-06-08T23:36:03.324119,MongoDB,Model A - normalized,dashboard_statistics,warm,single_process,1,7,36.5011,1,0.0,127.6641,0.1641,scheduler_mongo,0.92,225.2MiB / 15.58GiB,1.41,
2026-06-08T23:36:08.291309,MongoDB,Model A - normalized,dashboard_statistics,warm,multi_process,4,7,1894.7324,4,0.0,127.5,0.0,scheduler_mongo,0.46,224.9MiB / 15.58GiB,1.41,
2026-06-08T23:36:12.298305,MongoDB,Model A - normalized,dashboard_statistics,warm,single_process,1,8,41.3855,1,0.0,127.6641,0.1641,scheduler_mongo,0.42,225MiB / 15.58GiB,1.41,
2026-06-08T23:36:17.239165,MongoDB,Model A - normalized,dashboard_statistics,warm,multi_process,4,8,1890.0899,4,0.0,127.5,0.0,scheduler_mongo,0.63,224.6MiB / 15.58GiB,1.41,
2026-06-08T23:36:21.248592,MongoDB,Model A - normalized,dashboard_statistics,warm,single_process,1,9,22.9076,1,68.1,127.6641,0.1641,scheduler_mongo,1.38,224.3MiB / 15.58GiB,1.41,
2026-06-08T23:36:26.306421,MongoDB,Model A - normalized,dashboard_statistics,warm,multi_process,4,9,1977.0357,4,1.6,127.5,0.0,scheduler_mongo,0.8,224.1MiB / 15.58GiB,1.4,
2026-06-08T23:36:30.307930,MongoDB,Model A - normalized,dashboard_statistics,warm,single_process,1,10,48.7901,1,96.0,127.6641,0.1641,scheduler_mongo,0.93,224.5MiB / 15.58GiB,1.41,
2026-06-08T23:36:35.293525,MongoDB,Model A - normalized,dashboard_statistics,warm,multi_process,4,10,1899.4308,4,1.6,127.5,0.0,scheduler_mongo,1.04,224.8MiB / 15.58GiB,1.41,
2026-06-08T23:36:39.301675,MongoDB,Model A - normalized,full_schedule,warm,single_process,1,1,44.5884,1,35.0,127.6641,0.1641,scheduler_mongo,1.07,223.9MiB / 15.58GiB,1.4,
2026-06-08T23:36:44.351918,MongoDB,Model A - normalized,full_schedule,warm,multi_process,4,1,1984.5553,4,0.0,127.5,0.0,scheduler_mongo,0.57,224.4MiB / 15.58GiB,1.41,
2026-06-08T23:36:48.361715,MongoDB,Model A - normalized,full_schedule,warm,single_process,1,2,48.8261,1,96.0,127.6641,0.1641,scheduler_mongo,0.45,224.7MiB / 15.58GiB,1.41,
2026-06-08T23:36:53.308304,MongoDB,Model A - normalized,full_schedule,warm,multi_process,4,2,1892.2214,4,0.8,127.5,0.0,scheduler_mongo,0.43,224.7MiB / 15.58GiB,1.41,
2026-06-08T23:36:57.318249,MongoDB,Model A - normalized,full_schedule,warm,single_process,1,3,41.0712,1,38.0,127.6641,0.1641,scheduler_mongo,0.42,224.6MiB / 15.58GiB,1.41,
2026-06-08T23:37:02.310374,MongoDB,Model A - normalized,full_schedule,warm,multi_process,4,3,1936.8872,4,0.8,127.5,0.0,scheduler_mongo,0.42,225MiB / 15.58GiB,1.41,
2026-06-08T23:37:06.320567,MongoDB,Model A - normalized,full_schedule,warm,single_process,1,4,31.5469,1,49.5,127.6641,0.1641,scheduler_mongo,0.38,224.6MiB / 15.58GiB,1.41,
2026-06-08T23:37:11.247120,MongoDB,Model A - normalized,full_schedule,warm,multi_process,4,4,1871.4924,4,0.8,127.5,0.0,scheduler_mongo,0.87,224.3MiB / 15.58GiB,1.41,
2026-06-08T23:37:15.258180,MongoDB,Model A - normalized,full_schedule,warm,single_process,1,5,51.3967,1,60.8,127.6641,0.1641,scheduler_mongo,0.37,225MiB / 15.58GiB,1.41,
2026-06-08T23:37:20.145958,MongoDB,Model A - normalized,full_schedule,warm,multi_process,4,5,1832.7815,4,0.0,127.5,0.0,scheduler_mongo,0.39,225MiB / 15.58GiB,1.41,
2026-06-08T23:37:24.154694,MongoDB,Model A - normalized,full_schedule,warm,single_process,1,6,29.5378,1,52.8,127.6641,0.1641,scheduler_mongo,0.39,224.9MiB / 15.58GiB,1.41,
2026-06-08T23:37:29.082689,MongoDB,Model A - normalized,full_schedule,warm,multi_process,4,6,1873.9656,4,0.8,127.5,0.0,scheduler_mongo,0.4,224.5MiB / 15.58GiB,1.41,
2026-06-08T23:37:33.092138,MongoDB,Model A - normalized,full_schedule,warm,single_process,1,7,41.7982,1,74.7,127.6641,0.1641,scheduler_mongo,0.4,225.3MiB / 15.58GiB,1.41,
2026-06-08T23:37:38.028329,MongoDB,Model A - normalized,full_schedule,warm,multi_process,4,7,1880.7192,4,0.0,127.5,0.0,scheduler_mongo,0.4,225.1MiB / 15.58GiB,1.41,
2026-06-08T23:37:42.039453,MongoDB,Model A - normalized,full_schedule,warm,single_process,1,8,29.1693,1,107.1,127.6641,0.1641,scheduler_mongo,0.36,224.5MiB / 15.58GiB,1.41,
2026-06-08T23:37:46.940915,MongoDB,Model A - normalized,full_schedule,warm,multi_process,4,8,1847.438,4,0.0,127.5,0.0,scheduler_mongo,0.38,224.5MiB / 15.58GiB,1.41,
2026-06-08T23:37:50.953058,MongoDB,Model A - normalized,full_schedule,warm,single_process,1,9,50.3201,1,31.0,127.6641,0.1641,scheduler_mongo,0.4,224.6MiB / 15.58GiB,1.41,
2026-06-08T23:37:55.845312,MongoDB,Model A - normalized,full_schedule,warm,multi_process,4,9,1836.8743,4,0.0,127.5039,0.0039,scheduler_mongo,0.39,224.9MiB / 15.58GiB,1.41,
2026-06-08T23:37:59.856324,MongoDB,Model A - normalized,full_schedule,warm,single_process,1,10,53.3596,1,29.3,127.6992,0.1641,scheduler_mongo,0.42,225.1MiB / 15.58GiB,1.41,
2026-06-08T23:38:04.764342,MongoDB,Model A - normalized,full_schedule,warm,multi_process,4,10,1855.301,4,0.0,127.543,0.0,scheduler_mongo,0.4,225.3MiB / 15.58GiB,1.41,
2026-06-08T23:38:08.776723,MongoDB,Model A - normalized,employee_assignments,warm,single_process,1,1,39.0632,53,40.0,127.707,0.1641,scheduler_mongo,0.37,225MiB / 15.58GiB,1.41,
2026-06-08T23:38:13.719797,MongoDB,Model A - normalized,employee_assignments,warm,multi_process,4,1,1888.3624,212,0.8,127.543,0.0,scheduler_mongo,0.4,225.4MiB / 15.58GiB,1.41,
2026-06-08T23:38:17.729674,MongoDB,Model A - normalized,employee_assignments,warm,single_process,1,2,42.8291,53,36.5,127.707,0.1641,scheduler_mongo,0.36,225MiB / 15.58GiB,1.41,
2026-06-08T23:38:22.653655,MongoDB,Model A - normalized,employee_assignments,warm,multi_process,4,2,1869.9414,212,0.0,127.543,0.0,scheduler_mongo,0.36,224.7MiB / 15.58GiB,1.41,
2026-06-08T23:38:26.662127,MongoDB,Model A - normalized,employee_assignments,warm,single_process,1,3,48.3911,53,64.5,127.707,0.1641,scheduler_mongo,0.41,224.9MiB / 15.58GiB,1.41,
2026-06-08T23:38:31.579158,MongoDB,Model A - normalized,employee_assignments,warm,multi_process,4,3,1860.7727,212,0.8,127.543,0.0,scheduler_mongo,0.72,224.5MiB / 15.58GiB,1.41,
2026-06-08T23:38:35.588372,MongoDB,Model A - normalized,employee_assignments,warm,single_process,1,4,31.8427,53,49.0,127.707,0.1641,scheduler_mongo,0.43,224.9MiB / 15.58GiB,1.41,
2026-06-08T23:38:40.510245,MongoDB,Model A - normalized,employee_assignments,warm,multi_process,4,4,1866.0095,212,0.0,127.543,0.0,scheduler_mongo,0.49,224.3MiB / 15.58GiB,1.41,
2026-06-08T23:38:44.520388,MongoDB,Model A - normalized,employee_assignments,warm,single_process,1,5,56.2615,53,27.8,127.707,0.1641,scheduler_mongo,0.38,225.5MiB / 15.58GiB,1.41,
2026-06-08T23:38:49.452364,MongoDB,Model A - normalized,employee_assignments,warm,multi_process,4,5,1879.3445,212,0.0,127.543,0.0,scheduler_mongo,0.41,225MiB / 15.58GiB,1.41,
2026-06-08T23:38:53.464497,MongoDB,Model A - normalized,employee_assignments,warm,single_process,1,6,19.0766,53,81.8,127.707,0.1641,scheduler_mongo,0.42,224.8MiB / 15.58GiB,1.41,
2026-06-08T23:38:58.382722,MongoDB,Model A - normalized,employee_assignments,warm,multi_process,4,6,1865.909,212,0.0,127.543,0.0,scheduler_mongo,0.39,225.2MiB / 15.58GiB,1.41,
2026-06-08T23:39:02.393858,MongoDB,Model A - normalized,employee_assignments,warm,single_process,1,7,30.3061,53,51.5,127.707,0.1641,scheduler_mongo,0.42,224.6MiB / 15.58GiB,1.41,
2026-06-08T23:39:07.292783,MongoDB,Model A - normalized,employee_assignments,warm,multi_process,4,7,1834.3978,212,0.9,127.543,0.0,scheduler_mongo,0.76,224.7MiB / 15.58GiB,1.41,
2026-06-08T23:39:11.320380,MongoDB,Model A - normalized,employee_assignments,warm,single_process,1,8,46.8102,53,33.3,127.6758,0.1641,scheduler_mongo,0.95,224.9MiB / 15.58GiB,1.41,
2026-06-08T23:39:16.250882,MongoDB,Model A - normalized,employee_assignments,warm,multi_process,4,8,1870.4159,212,0.0,127.5117,0.0,scheduler_mongo,0.98,224.7MiB / 15.58GiB,1.41,
2026-06-08T23:39:20.266187,MongoDB,Model A - normalized,employee_assignments,warm,single_process,1,9,30.0809,53,0.0,127.6758,0.1641,scheduler_mongo,1.15,224.9MiB / 15.58GiB,1.41,
2026-06-08T23:39:25.197280,MongoDB,Model A - normalized,employee_assignments,warm,multi_process,4,9,1854.8803,212,0.0,127.5117,0.0,scheduler_mongo,1.04,225MiB / 15.58GiB,1.41,
2026-06-08T23:39:29.213472,MongoDB,Model A - normalized,employee_assignments,warm,single_process,1,10,37.9526,53,0.0,127.6758,0.1641,scheduler_mongo,1.17,225.2MiB / 15.58GiB,1.41,
2026-06-08T23:39:34.122139,MongoDB,Model A - normalized,employee_assignments,warm,multi_process,4,10,1840.6963,212,0.0,127.5117,0.0,scheduler_mongo,1.1,225.1MiB / 15.58GiB,1.41,
2026-06-08T23:39:38.138338,MongoDB,Model A - normalized,annual_leave_overlap,warm,single_process,1,1,36.1339,0,43.2,127.6758,0.1641,scheduler_mongo,0.98,225.4MiB / 15.58GiB,1.41,
2026-06-08T23:39:43.049998,MongoDB,Model A - normalized,annual_leave_overlap,warm,multi_process,4,1,1841.0717,0,0.8,127.5117,0.0,scheduler_mongo,1.06,225.2MiB / 15.58GiB,1.41,
2026-06-08T23:39:47.068530,MongoDB,Model A - normalized,annual_leave_overlap,warm,single_process,1,2,30.417,0,0.0,127.6758,0.1641,scheduler_mongo,1.1,225.2MiB / 15.58GiB,1.41,
2026-06-08T23:39:52.004732,MongoDB,Model A - normalized,annual_leave_overlap,warm,multi_process,4,2,1881.4124,0,0.8,127.5117,0.0,scheduler_mongo,1.0,225MiB / 15.58GiB,1.41,
2026-06-08T23:39:56.020610,MongoDB,Model A - normalized,annual_leave_overlap,warm,single_process,1,3,51.4575,0,30.3,127.6758,0.1641,scheduler_mongo,0.75,224.4MiB / 15.58GiB,1.41,
2026-06-08T23:40:00.937873,MongoDB,Model A - normalized,annual_leave_overlap,warm,multi_process,4,3,1852.5661,0,0.8,127.5117,0.0,scheduler_mongo,0.94,224.5MiB / 15.58GiB,1.41,
2026-06-08T23:40:04.966188,MongoDB,Model A - normalized,annual_leave_overlap,warm,single_process,1,4,54.124,0,28.9,127.6758,0.1641,scheduler_mongo,0.67,225.4MiB / 15.58GiB,1.41,
2026-06-08T23:40:09.873417,MongoDB,Model A - normalized,annual_leave_overlap,warm,multi_process,4,4,1834.5817,0,0.0,127.5117,0.0,scheduler_mongo,1.55,224.8MiB / 15.58GiB,1.41,
2026-06-08T23:40:13.898983,MongoDB,Model A - normalized,annual_leave_overlap,warm,single_process,1,5,36.0741,0,43.3,127.6758,0.1641,scheduler_mongo,1.01,225.1MiB / 15.58GiB,1.41,
2026-06-08T23:40:18.817254,MongoDB,Model A - normalized,annual_leave_overlap,warm,multi_process,4,5,1835.584,0,0.9,127.5117,0.0,scheduler_mongo,0.66,225MiB / 15.58GiB,1.41,
2026-06-08T23:40:22.838346,MongoDB,Model A - normalized,annual_leave_overlap,warm,single_process,1,6,45.528,0,34.3,127.6797,0.168,scheduler_mongo,0.72,224.7MiB / 15.58GiB,1.41,
2026-06-08T23:40:27.749852,MongoDB,Model A - normalized,annual_leave_overlap,warm,multi_process,4,6,1829.2535,0,0.9,127.5117,0.0,scheduler_mongo,1.06,224.9MiB / 15.58GiB,1.41,
2026-06-08T23:40:31.764541,MongoDB,Model A - normalized,annual_leave_overlap,warm,single_process,1,7,53.5127,0,29.2,127.6758,0.1641,scheduler_mongo,1.67,224.7MiB / 15.58GiB,1.41,
2026-06-08T23:40:36.667318,MongoDB,Model A - normalized,annual_leave_overlap,warm,multi_process,4,7,1839.0406,0,0.0,127.5117,0.0,scheduler_mongo,1.07,224.8MiB / 15.58GiB,1.41,
2026-06-08T23:40:40.698387,MongoDB,Model A - normalized,annual_leave_overlap,warm,single_process,1,8,54.0759,0,28.9,127.6758,0.1641,scheduler_mongo,1.36,223.9MiB / 15.58GiB,1.4,
2026-06-08T23:40:45.617027,MongoDB,Model A - normalized,annual_leave_overlap,warm,multi_process,4,8,1859.63,0,0.8,127.5273,0.0156,scheduler_mongo,1.11,224.7MiB / 15.58GiB,1.41,
2026-06-08T23:40:49.648406,MongoDB,Model A - normalized,annual_leave_overlap,warm,single_process,1,9,48.3702,0,0.0,127.6914,0.1641,scheduler_mongo,0.69,225.7MiB / 15.58GiB,1.41,
2026-06-08T23:40:54.553149,MongoDB,Model A - normalized,annual_leave_overlap,warm,multi_process,4,9,1843.9641,0,1.7,127.5273,0.0,scheduler_mongo,1.07,224.7MiB / 15.58GiB,1.41,
2026-06-08T23:40:58.586282,MongoDB,Model A - normalized,annual_leave_overlap,warm,single_process,1,10,50.3256,0,31.0,127.6914,0.1641,scheduler_mongo,1.45,224.9MiB / 15.58GiB,1.41,
2026-06-08T23:41:03.494569,MongoDB,Model A - normalized,annual_leave_overlap,warm,multi_process,4,10,1853.3495,0,0.8,127.5273,0.0,scheduler_mongo,0.98,225.3MiB / 15.58GiB,1.41,
2026-06-08T23:41:07.515179,MongoDB,Model A - normalized,position_coverage,warm,single_process,1,1,59.2109,464,26.4,127.6914,0.1641,scheduler_mongo,1.1,225.3MiB / 15.58GiB,1.41,
2026-06-08T23:41:12.444960,MongoDB,Model A - normalized,position_coverage,warm,multi_process,4,1,1870.1117,1856,0.0,127.5273,0.0,scheduler_mongo,1.41,225.7MiB / 15.58GiB,1.41,
2026-06-08T23:41:16.466326,MongoDB,Model A - normalized,position_coverage,warm,single_process,1,2,56.6964,464,27.5,127.6914,0.1641,scheduler_mongo,1.74,225.1MiB / 15.58GiB,1.41,
2026-06-08T23:41:21.376337,MongoDB,Model A - normalized,position_coverage,warm,multi_process,4,2,1842.2132,1856,0.8,127.5273,0.0,scheduler_mongo,1.2,225.3MiB / 15.58GiB,1.41,
2026-06-08T23:41:25.402486,MongoDB,Model A - normalized,position_coverage,warm,single_process,1,3,46.1578,464,33.8,127.6914,0.1641,scheduler_mongo,0.96,225.9MiB / 15.58GiB,1.42,
2026-06-08T23:41:30.306034,MongoDB,Model A - normalized,position_coverage,warm,multi_process,4,3,1838.6435,1856,0.0,127.5273,0.0,scheduler_mongo,1.06,226.3MiB / 15.58GiB,1.42,
2026-06-08T23:41:34.336985,MongoDB,Model A - normalized,position_coverage,warm,single_process,1,4,34.6494,464,45.1,127.6914,0.1641,scheduler_mongo,1.67,226.1MiB / 15.58GiB,1.42,
2026-06-08T23:41:39.231518,MongoDB,Model A - normalized,position_coverage,warm,multi_process,4,4,1829.7153,1856,0.0,127.5273,0.0,scheduler_mongo,1.12,225.3MiB / 15.58GiB,1.41,
2026-06-08T23:41:43.249081,MongoDB,Model A - normalized,position_coverage,warm,single_process,1,5,40.2358,464,77.6,127.6953,0.168,scheduler_mongo,1.02,225.5MiB / 15.58GiB,1.41,
2026-06-08T23:41:48.156559,MongoDB,Model A - normalized,position_coverage,warm,multi_process,4,5,1850.0724,1856,0.0,127.5312,0.0,scheduler_mongo,1.09,225.2MiB / 15.58GiB,1.41,
2026-06-08T23:41:52.187057,MongoDB,Model A - normalized,position_coverage,warm,single_process,1,6,57.7421,464,0.0,127.6953,0.1641,scheduler_mongo,0.59,225.3MiB / 15.58GiB,1.41,
2026-06-08T23:41:57.104551,MongoDB,Model A - normalized,position_coverage,warm,multi_process,4,6,1841.8172,1856,0.8,127.5312,0.0,scheduler_mongo,0.68,226MiB / 15.58GiB,1.42,
2026-06-08T23:42:01.136265,MongoDB,Model A - normalized,position_coverage,warm,single_process,1,7,40.316,464,0.0,127.6953,0.1641,scheduler_mongo,1.56,225.4MiB / 15.58GiB,1.41,
2026-06-08T23:42:06.034142,MongoDB,Model A - normalized,position_coverage,warm,multi_process,4,7,1838.0215,1856,0.0,127.5312,0.0,scheduler_mongo,1.12,225.7MiB / 15.58GiB,1.42,
2026-06-08T23:42:10.066244,MongoDB,Model A - normalized,position_coverage,warm,single_process,1,8,59.9064,464,0.0,127.6953,0.1641,scheduler_mongo,0.67,225.8MiB / 15.58GiB,1.42,
2026-06-08T23:42:14.981341,MongoDB,Model A - normalized,position_coverage,warm,multi_process,4,8,1850.8498,1856,0.8,127.5312,0.0,scheduler_mongo,0.66,225.9MiB / 15.58GiB,1.42,
2026-06-08T23:42:19.010235,MongoDB,Model A - normalized,position_coverage,warm,single_process,1,9,43.9592,464,71.1,127.6953,0.1641,scheduler_mongo,0.61,225.8MiB / 15.58GiB,1.42,
2026-06-08T23:42:23.935250,MongoDB,Model A - normalized,position_coverage,warm,multi_process,4,9,1870.1827,1856,0.8,127.5312,0.0,scheduler_mongo,0.54,225.2MiB / 15.58GiB,1.41,
2026-06-08T23:42:27.959147,MongoDB,Model A - normalized,position_coverage,warm,single_process,1,10,24.2511,464,128.7,127.6953,0.1641,scheduler_mongo,0.68,226MiB / 15.58GiB,1.42,
2026-06-08T23:42:32.923433,MongoDB,Model A - normalized,position_coverage,warm,multi_process,4,10,1872.3074,1856,0.8,127.5156,0.0,scheduler_mongo,1.47,225.4MiB / 15.58GiB,1.41,
2026-06-08T23:42:36.938823,MongoDB,Model B - aggregated,dashboard_statistics,warm,single_process,1,1,50.4839,1,30.9,127.6836,0.168,scheduler_mongo,1.5,224.9MiB / 15.58GiB,1.41,
2026-06-08T23:42:41.844164,MongoDB,Model B - aggregated,dashboard_statistics,warm,multi_process,4,1,1830.913,4,0.0,127.5156,0.0,scheduler_mongo,1.57,226.2MiB / 15.58GiB,1.42,
2026-06-08T23:42:45.872729,MongoDB,Model B - aggregated,dashboard_statistics,warm,single_process,1,2,39.2809,1,39.8,127.6797,0.1641,scheduler_mongo,1.02,225.5MiB / 15.58GiB,1.41,
2026-06-08T23:42:50.826172,MongoDB,Model B - aggregated,dashboard_statistics,warm,multi_process,4,2,1861.0143,4,0.0,127.5156,0.0,scheduler_mongo,1.03,225.5MiB / 15.58GiB,1.41,
2026-06-08T23:42:54.838633,MongoDB,Model B - aggregated,dashboard_statistics,warm,single_process,1,3,40.8872,1,0.0,127.6797,0.1641,scheduler_mongo,1.01,225.8MiB / 15.58GiB,1.42,
2026-06-08T23:42:59.737058,MongoDB,Model B - aggregated,dashboard_statistics,warm,multi_process,4,3,1834.622,4,0.0,127.5156,0.0,scheduler_mongo,1.08,225.4MiB / 15.58GiB,1.41,
2026-06-08T23:43:03.758783,MongoDB,Model B - aggregated,dashboard_statistics,warm,single_process,1,4,40.6033,1,76.9,127.6797,0.1641,scheduler_mongo,1.1,225.7MiB / 15.58GiB,1.42,
2026-06-08T23:43:08.663978,MongoDB,Model B - aggregated,dashboard_statistics,warm,multi_process,4,4,1840.2381,4,0.0,127.5156,0.0,scheduler_mongo,0.97,225.1MiB / 15.58GiB,1.41,
2026-06-08T23:43:12.680749,MongoDB,Model B - aggregated,dashboard_statistics,warm,single_process,1,5,35.4736,1,44.0,127.6797,0.1641,scheduler_mongo,1.03,225.7MiB / 15.58GiB,1.42,
2026-06-08T23:43:17.592854,MongoDB,Model B - aggregated,dashboard_statistics,warm,multi_process,4,5,1850.2772,4,0.8,127.5156,0.0,scheduler_mongo,1.11,225.5MiB / 15.58GiB,1.41,
2026-06-08T23:43:21.626396,MongoDB,Model B - aggregated,dashboard_statistics,warm,single_process,1,6,36.3001,1,86.0,127.6797,0.1641,scheduler_mongo,1.59,225.7MiB / 15.58GiB,1.42,
2026-06-08T23:43:26.546814,MongoDB,Model B - aggregated,dashboard_statistics,warm,multi_process,4,6,1852.3973,4,0.0,127.5156,0.0,scheduler_mongo,1.13,225.4MiB / 15.58GiB,1.41,
2026-06-08T23:43:30.574919,MongoDB,Model B - aggregated,dashboard_statistics,warm,single_process,1,7,36.2213,1,43.1,127.6797,0.1641,scheduler_mongo,1.08,225.6MiB / 15.58GiB,1.41,
2026-06-08T23:43:35.504868,MongoDB,Model B - aggregated,dashboard_statistics,warm,multi_process,4,7,1852.854,4,0.0,127.5156,0.0,scheduler_mongo,0.61,225.2MiB / 15.58GiB,1.41,
2026-06-08T23:43:39.540159,MongoDB,Model B - aggregated,dashboard_statistics,warm,single_process,1,8,40.5926,1,38.5,127.6797,0.1641,scheduler_mongo,1.26,225.1MiB / 15.58GiB,1.41,
2026-06-08T23:43:44.432042,MongoDB,Model B - aggregated,dashboard_statistics,warm,multi_process,4,8,1822.9094,4,0.0,127.5156,0.0,scheduler_mongo,0.73,226MiB / 15.58GiB,1.42,
2026-06-08T23:43:48.448864,MongoDB,Model B - aggregated,dashboard_statistics,warm,single_process,1,9,33.7842,1,46.2,127.6797,0.1641,scheduler_mongo,0.39,225.7MiB / 15.58GiB,1.42,
2026-06-08T23:43:53.360380,MongoDB,Model B - aggregated,dashboard_statistics,warm,multi_process,4,9,1854.2823,4,0.8,127.5156,0.0,scheduler_mongo,0.38,226MiB / 15.58GiB,1.42,
2026-06-08T23:43:57.370800,MongoDB,Model B - aggregated,dashboard_statistics,warm,single_process,1,10,31.9864,1,0.0,127.6797,0.1641,scheduler_mongo,0.37,225.4MiB / 15.58GiB,1.41,
2026-06-08T23:44:02.320604,MongoDB,Model B - aggregated,dashboard_statistics,warm,multi_process,4,10,1893.3231,4,0.8,127.5156,0.0,scheduler_mongo,0.39,225.5MiB / 15.58GiB,1.41,
2026-06-08T23:44:06.331494,MongoDB,Model B - aggregated,full_schedule,warm,single_process,1,1,38.3241,0,0.0,127.6797,0.1641,scheduler_mongo,0.4,225MiB / 15.58GiB,1.41,
2026-06-08T23:44:11.223626,MongoDB,Model B - aggregated,full_schedule,warm,multi_process,4,1,1837.4382,0,0.0,127.5156,0.0,scheduler_mongo,0.74,225.3MiB / 15.58GiB,1.41,
2026-06-08T23:44:15.234141,MongoDB,Model B - aggregated,full_schedule,warm,single_process,1,2,38.3515,0,40.7,127.6797,0.1641,scheduler_mongo,0.37,225.4MiB / 15.58GiB,1.41,
2026-06-08T23:44:20.118031,MongoDB,Model B - aggregated,full_schedule,warm,multi_process,4,2,1824.3643,0,0.9,127.5156,0.0,scheduler_mongo,0.38,225.9MiB / 15.58GiB,1.42,
2026-06-08T23:44:24.130471,MongoDB,Model B - aggregated,full_schedule,warm,single_process,1,3,38.1755,0,40.9,127.6797,0.1641,scheduler_mongo,0.36,225.6MiB / 15.58GiB,1.41,
2026-06-08T23:44:29.067214,MongoDB,Model B - aggregated,full_schedule,warm,multi_process,4,3,1882.9785,0,0.8,127.5156,0.0,scheduler_mongo,0.39,225.9MiB / 15.58GiB,1.42,
2026-06-08T23:44:33.078857,MongoDB,Model B - aggregated,full_schedule,warm,single_process,1,4,53.5943,0,0.0,127.6797,0.1641,scheduler_mongo,0.48,226.2MiB / 15.58GiB,1.42,
2026-06-08T23:44:37.977541,MongoDB,Model B - aggregated,full_schedule,warm,multi_process,4,4,1840.6418,0,0.8,127.5156,0.0,scheduler_mongo,0.48,226.2MiB / 15.58GiB,1.42,
2026-06-08T23:44:41.986916,MongoDB,Model B - aggregated,full_schedule,warm,single_process,1,5,40.8032,0,38.3,127.6797,0.1641,scheduler_mongo,0.78,225.8MiB / 15.58GiB,1.42,
2026-06-08T23:44:46.914252,MongoDB,Model B - aggregated,full_schedule,warm,multi_process,4,5,1873.6774,0,0.0,127.5156,0.0,scheduler_mongo,0.36,226MiB / 15.58GiB,1.42,
2026-06-08T23:44:50.925826,MongoDB,Model B - aggregated,full_schedule,warm,single_process,1,6,19.3446,0,80.6,127.6797,0.1641,scheduler_mongo,0.38,225.4MiB / 15.58GiB,1.41,
2026-06-08T23:44:55.863249,MongoDB,Model B - aggregated,full_schedule,warm,multi_process,4,6,1883.2384,0,1.7,127.5156,0.0,scheduler_mongo,0.42,225.9MiB / 15.58GiB,1.42,
2026-06-08T23:44:59.874000,MongoDB,Model B - aggregated,full_schedule,warm,single_process,1,7,16.5189,0,94.5,127.6797,0.1641,scheduler_mongo,0.38,225.8MiB / 15.58GiB,1.42,
2026-06-08T23:45:04.801834,MongoDB,Model B - aggregated,full_schedule,warm,multi_process,4,7,1870.8048,0,0.8,127.5156,0.0,scheduler_mongo,0.4,226.1MiB / 15.58GiB,1.42,
2026-06-08T23:45:08.814219,MongoDB,Model B - aggregated,full_schedule,warm,single_process,1,8,28.9615,0,53.9,127.6797,0.1641,scheduler_mongo,0.4,226.2MiB / 15.58GiB,1.42,
2026-06-08T23:45:13.753903,MongoDB,Model B - aggregated,full_schedule,warm,multi_process,4,8,1886.7141,0,1.7,127.5156,0.0,scheduler_mongo,0.38,226MiB / 15.58GiB,1.42,
2026-06-08T23:45:17.764668,MongoDB,Model B - aggregated,full_schedule,warm,single_process,1,9,27.8083,0,56.1,127.6797,0.1641,scheduler_mongo,0.38,225.9MiB / 15.58GiB,1.42,
2026-06-08T23:45:22.675255,MongoDB,Model B - aggregated,full_schedule,warm,multi_process,4,9,1854.7734,0,0.8,127.5156,0.0,scheduler_mongo,0.36,226MiB / 15.58GiB,1.42,
2026-06-08T23:45:26.685328,MongoDB,Model B - aggregated,full_schedule,warm,single_process,1,10,36.3164,0,43.0,127.6797,0.1641,scheduler_mongo,0.38,225.6MiB / 15.58GiB,1.41,
2026-06-08T23:45:31.604747,MongoDB,Model B - aggregated,full_schedule,warm,multi_process,4,10,1863.3198,0,0.0,127.5156,0.0,scheduler_mongo,0.81,226MiB / 15.58GiB,1.42,
2026-06-08T23:45:35.613796,MongoDB,Model B - aggregated,employee_assignments,warm,single_process,1,1,39.2794,53,0.0,127.6797,0.1641,scheduler_mongo,0.39,225.8MiB / 15.58GiB,1.42,
2026-06-08T23:45:40.540392,MongoDB,Model B - aggregated,employee_assignments,warm,multi_process,4,1,1872.3996,212,0.8,127.5156,0.0,scheduler_mongo,0.56,228.2MiB / 15.58GiB,1.43,
2026-06-08T23:45:44.551871,MongoDB,Model B - aggregated,employee_assignments,warm,single_process,1,2,44.8177,53,34.8,127.6797,0.1641,scheduler_mongo,0.42,228.4MiB / 15.58GiB,1.43,
2026-06-08T23:45:49.483916,MongoDB,Model B - aggregated,employee_assignments,warm,multi_process,4,2,1873.9445,212,0.8,127.5156,0.0,scheduler_mongo,0.39,228.8MiB / 15.58GiB,1.43,
2026-06-08T23:45:53.494942,MongoDB,Model B - aggregated,employee_assignments,warm,single_process,1,3,42.3048,53,36.9,127.6797,0.1641,scheduler_mongo,0.4,228.6MiB / 15.58GiB,1.43,
2026-06-08T23:45:58.456348,MongoDB,Model B - aggregated,employee_assignments,warm,multi_process,4,3,1909.6752,212,0.0,127.5156,0.0,scheduler_mongo,0.49,228.7MiB / 15.58GiB,1.43,
2026-06-08T23:46:02.467188,MongoDB,Model B - aggregated,employee_assignments,warm,single_process,1,4,40.5713,53,38.5,127.6797,0.1641,scheduler_mongo,0.37,228.5MiB / 15.58GiB,1.43,
2026-06-08T23:46:07.429199,MongoDB,Model B - aggregated,employee_assignments,warm,multi_process,4,4,1899.1579,212,0.0,127.5156,0.0,scheduler_mongo,0.52,229.2MiB / 15.58GiB,1.44,
2026-06-08T23:46:11.459616,MongoDB,Model B - aggregated,employee_assignments,warm,single_process,1,5,44.0958,53,70.8,127.6797,0.1641,scheduler_mongo,1.29,228.9MiB / 15.58GiB,1.44,
2026-06-08T23:46:16.390427,MongoDB,Model B - aggregated,employee_assignments,warm,multi_process,4,5,1843.9249,212,0.8,127.5156,0.0,scheduler_mongo,0.57,228.8MiB / 15.58GiB,1.43,
2026-06-08T23:46:20.399587,MongoDB,Model B - aggregated,employee_assignments,warm,single_process,1,6,22.6115,53,69.0,127.6797,0.1641,scheduler_mongo,0.76,229.5MiB / 15.58GiB,1.44,
2026-06-08T23:46:25.442446,MongoDB,Model B - aggregated,employee_assignments,warm,multi_process,4,6,1976.4023,212,1.6,127.5156,0.0,scheduler_mongo,0.93,228.7MiB / 15.58GiB,1.43,
2026-06-08T23:46:29.475184,MongoDB,Model B - aggregated,employee_assignments,warm,single_process,1,7,45.4262,53,68.8,127.6797,0.1641,scheduler_mongo,1.61,228.4MiB / 15.58GiB,1.43,
2026-06-08T23:46:34.483940,MongoDB,Model B - aggregated,employee_assignments,warm,multi_process,4,7,1942.4559,212,0.8,127.5156,0.0,scheduler_mongo,0.97,229.2MiB / 15.58GiB,1.44,
2026-06-08T23:46:38.505135,MongoDB,Model B - aggregated,employee_assignments,warm,single_process,1,8,44.2253,53,0.0,127.6797,0.1641,scheduler_mongo,1.48,228.6MiB / 15.58GiB,1.43,
2026-06-08T23:46:43.449154,MongoDB,Model B - aggregated,employee_assignments,warm,multi_process,4,8,1887.5141,212,0.0,127.5156,0.0,scheduler_mongo,0.66,229.6MiB / 15.58GiB,1.44,
2026-06-08T23:46:47.463133,MongoDB,Model B - aggregated,employee_assignments,warm,single_process,1,9,56.3999,53,55.4,127.6797,0.1641,scheduler_mongo,0.95,228.5MiB / 15.58GiB,1.43,
2026-06-08T23:46:52.402876,MongoDB,Model B - aggregated,employee_assignments,warm,multi_process,4,9,1866.9355,212,0.8,127.5156,0.0,scheduler_mongo,0.62,228.6MiB / 15.58GiB,1.43,
2026-06-08T23:46:56.416207,MongoDB,Model B - aggregated,employee_assignments,warm,single_process,1,10,52.1935,53,29.9,127.6797,0.1641,scheduler_mongo,1.46,228.6MiB / 15.58GiB,1.43,
2026-06-08T23:47:01.367026,MongoDB,Model B - aggregated,employee_assignments,warm,multi_process,4,10,1879.4498,212,0.8,127.5156,0.0,scheduler_mongo,1.58,228.6MiB / 15.58GiB,1.43,
2026-06-08T23:47:05.401558,MongoDB,Model B - aggregated,annual_leave_overlap,warm,single_process,1,1,38.8721,0,0.0,127.6797,0.1641,scheduler_mongo,1.08,228.9MiB / 15.58GiB,1.44,
2026-06-08T23:47:10.363857,MongoDB,Model B - aggregated,annual_leave_overlap,warm,multi_process,4,1,1904.6249,0,0.8,127.5156,0.0,scheduler_mongo,1.01,228.3MiB / 15.58GiB,1.43,
2026-06-08T23:47:14.383454,MongoDB,Model B - aggregated,annual_leave_overlap,warm,single_process,1,2,54.6036,0,0.0,127.6797,0.1641,scheduler_mongo,1.07,229.1MiB / 15.58GiB,1.44,
2026-06-08T23:47:19.570870,MongoDB,Model B - aggregated,annual_leave_overlap,warm,multi_process,4,2,2097.0063,0,1.5,127.5156,0.0,scheduler_mongo,1.62,229.7MiB / 15.58GiB,1.44,
2026-06-08T23:47:23.598457,MongoDB,Model B - aggregated,annual_leave_overlap,warm,single_process,1,3,52.8317,0,59.1,127.6797,0.1641,scheduler_mongo,0.9,229.5MiB / 15.58GiB,1.44,
2026-06-08T23:47:28.544127,MongoDB,Model B - aggregated,annual_leave_overlap,warm,multi_process,4,3,1876.4048,0,0.0,127.5156,0.0,scheduler_mongo,1.52,228.4MiB / 15.58GiB,1.43,
2026-06-08T23:47:32.554352,MongoDB,Model B - aggregated,annual_leave_overlap,warm,single_process,1,4,34.6439,0,0.0,127.6797,0.1641,scheduler_mongo,1.0,228.4MiB / 15.58GiB,1.43,
2026-06-08T23:47:37.511072,MongoDB,Model B - aggregated,annual_leave_overlap,warm,multi_process,4,4,1890.1516,0,0.0,127.5156,0.0,scheduler_mongo,0.64,229.2MiB / 15.58GiB,1.44,
2026-06-08T23:47:41.538629,MongoDB,Model B - aggregated,annual_leave_overlap,warm,single_process,1,5,26.6951,0,58.5,127.6484,0.1328,scheduler_mongo,1.13,228MiB / 15.58GiB,1.43,
2026-06-08T23:47:46.485600,MongoDB,Model B - aggregated,annual_leave_overlap,warm,multi_process,4,5,1865.5896,0,0.0,127.5156,0.0,scheduler_mongo,0.6,228.5MiB / 15.58GiB,1.43,
2026-06-08T23:47:50.487810,MongoDB,Model B - aggregated,annual_leave_overlap,warm,single_process,1,6,31.4628,0,49.6,127.6797,0.1641,scheduler_mongo,0.96,228.2MiB / 15.58GiB,1.43,
2026-06-08T23:47:55.437006,MongoDB,Model B - aggregated,annual_leave_overlap,warm,multi_process,4,6,1885.2042,0,0.0,127.5156,0.0,scheduler_mongo,0.73,229.1MiB / 15.58GiB,1.44,
2026-06-08T23:47:59.461905,MongoDB,Model B - aggregated,annual_leave_overlap,warm,single_process,1,7,51.5268,0,0.0,127.6797,0.1641,scheduler_mongo,1.05,229MiB / 15.58GiB,1.44,
2026-06-08T23:48:04.501155,MongoDB,Model B - aggregated,annual_leave_overlap,warm,multi_process,4,7,1974.7473,0,0.0,127.5156,0.0,scheduler_mongo,0.53,228.8MiB / 15.58GiB,1.43,
2026-06-08T23:48:08.527766,MongoDB,Model B - aggregated,annual_leave_overlap,warm,single_process,1,8,31.4275,0,49.7,127.6836,0.168,scheduler_mongo,0.95,229MiB / 15.58GiB,1.44,
2026-06-08T23:48:13.488594,MongoDB,Model B - aggregated,annual_leave_overlap,warm,multi_process,4,8,1887.3394,0,0.8,127.5195,0.0,scheduler_mongo,0.73,227.6MiB / 15.58GiB,1.43,
2026-06-08T23:48:17.496806,MongoDB,Model B - aggregated,annual_leave_overlap,warm,single_process,1,9,42.3847,0,0.0,127.6836,0.1641,scheduler_mongo,0.83,227.3MiB / 15.58GiB,1.42,
2026-06-08T23:48:22.475917,MongoDB,Model B - aggregated,annual_leave_overlap,warm,multi_process,4,9,1886.2544,0,0.0,127.5195,0.0,scheduler_mongo,0.92,227.3MiB / 15.58GiB,1.42,
2026-06-08T23:48:26.477922,MongoDB,Model B - aggregated,annual_leave_overlap,warm,single_process,1,10,41.2636,0,75.7,127.6836,0.1641,scheduler_mongo,0.43,227.3MiB / 15.58GiB,1.43,
2026-06-08T23:48:31.495995,MongoDB,Model B - aggregated,annual_leave_overlap,warm,multi_process,4,10,1963.9551,0,0.8,127.5195,0.0,scheduler_mongo,0.7,227.1MiB / 15.58GiB,1.42,
2026-06-08T23:48:35.508173,MongoDB,Model B - aggregated,position_coverage,warm,single_process,1,1,33.2272,464,47.0,127.6836,0.1641,scheduler_mongo,0.47,224.4MiB / 15.58GiB,1.41,
2026-06-08T23:48:40.433756,MongoDB,Model B - aggregated,position_coverage,warm,multi_process,4,1,1871.292,1856,0.8,127.5195,0.0,scheduler_mongo,0.47,226.2MiB / 15.58GiB,1.42,
2026-06-08T23:48:44.444867,MongoDB,Model B - aggregated,position_coverage,warm,single_process,1,2,41.2938,464,75.6,127.6836,0.1641,scheduler_mongo,0.41,226.2MiB / 15.58GiB,1.42,
2026-06-08T23:48:49.375355,MongoDB,Model B - aggregated,position_coverage,warm,multi_process,4,2,1880.3371,1856,0.8,127.5195,0.0,scheduler_mongo,0.4,226.1MiB / 15.58GiB,1.42,
2026-06-08T23:48:53.385500,MongoDB,Model B - aggregated,position_coverage,warm,single_process,1,3,51.4206,464,0.0,127.6836,0.1641,scheduler_mongo,0.38,225.7MiB / 15.58GiB,1.41,
2026-06-08T23:48:58.318923,MongoDB,Model B - aggregated,position_coverage,warm,multi_process,4,3,1878.74,1856,0.8,127.5195,0.0,scheduler_mongo,0.37,226.9MiB / 15.58GiB,1.42,
2026-06-08T23:49:02.331061,MongoDB,Model B - aggregated,position_coverage,warm,single_process,1,4,62.503,464,25.0,127.6836,0.1641,scheduler_mongo,0.35,226.3MiB / 15.58GiB,1.42,
2026-06-08T23:49:07.264058,MongoDB,Model B - aggregated,position_coverage,warm,multi_process,4,4,1878.5282,1856,1.7,127.5195,0.0,scheduler_mongo,0.39,226.5MiB / 15.58GiB,1.42,
2026-06-08T23:49:11.273536,MongoDB,Model B - aggregated,position_coverage,warm,single_process,1,5,44.8014,464,69.7,127.6836,0.1641,scheduler_mongo,0.73,225.7MiB / 15.58GiB,1.42,
2026-06-08T23:49:16.180196,MongoDB,Model B - aggregated,position_coverage,warm,multi_process,4,5,1851.8095,1856,0.0,127.5195,0.0,scheduler_mongo,0.4,226.7MiB / 15.58GiB,1.42,
2026-06-08T23:49:20.190497,MongoDB,Model B - aggregated,position_coverage,warm,single_process,1,6,27.7314,464,112.6,127.6836,0.1641,scheduler_mongo,0.4,225.7MiB / 15.58GiB,1.41,
2026-06-08T23:49:25.111184,MongoDB,Model B - aggregated,position_coverage,warm,multi_process,4,6,1866.6873,1856,0.0,127.5195,0.0,scheduler_mongo,0.39,226.4MiB / 15.58GiB,1.42,
2026-06-08T23:49:29.121911,MongoDB,Model B - aggregated,position_coverage,warm,single_process,1,7,34.9746,464,44.6,127.6836,0.1641,scheduler_mongo,0.41,225.9MiB / 15.58GiB,1.42,
2026-06-08T23:49:34.042993,MongoDB,Model B - aggregated,position_coverage,warm,multi_process,4,7,1866.0489,1856,0.0,127.5195,0.0,scheduler_mongo,0.4,226.4MiB / 15.58GiB,1.42,
2026-06-08T23:49:38.054404,MongoDB,Model B - aggregated,position_coverage,warm,single_process,1,8,36.645,464,42.6,127.6836,0.1641,scheduler_mongo,0.38,226.4MiB / 15.58GiB,1.42,
2026-06-08T23:49:43.004778,MongoDB,Model B - aggregated,position_coverage,warm,multi_process,4,8,1896.4641,1856,0.8,127.5195,0.0,scheduler_mongo,0.4,226.5MiB / 15.58GiB,1.42,
2026-06-08T23:49:47.014520,MongoDB,Model B - aggregated,position_coverage,warm,single_process,1,9,57.9455,464,107.8,127.6836,0.1641,scheduler_mongo,0.77,226MiB / 15.58GiB,1.42,
2026-06-08T23:49:51.902382,MongoDB,Model B - aggregated,position_coverage,warm,multi_process,4,9,1833.3501,1856,0.0,127.5195,0.0,scheduler_mongo,0.78,227MiB / 15.58GiB,1.42,
2026-06-08T23:49:55.914338,MongoDB,Model B - aggregated,position_coverage,warm,single_process,1,10,27.2895,464,57.2,127.6836,0.1641,scheduler_mongo,0.4,226.1MiB / 15.58GiB,1.42,
2026-06-08T23:50:00.844669,MongoDB,Model B - aggregated,position_coverage,warm,multi_process,4,10,1874.884,1856,0.8,127.5195,0.0,scheduler_mongo,0.38,225.8MiB / 15.58GiB,1.42,
2026-06-08T23:50:14.966291,PostgreSQL,Relational,dashboard_statistics,cold,single_process,1,1,39.469,1,0.0,127.5195,0.0,scheduling-postgres,0.01,19.23MiB / 15.58GiB,0.12,
2026-06-08T23:50:19.416441,PostgreSQL,Relational,dashboard_statistics,cold,multi_process,4,1,1393.6423,4,0.0,127.5195,0.0,scheduling-postgres,0.02,20.76MiB / 15.58GiB,0.13,
2026-06-08T23:50:23.426660,PostgreSQL,Relational,dashboard_statistics,cold,single_process,1,2,22.5728,1,0.0,127.5195,0.0,scheduling-postgres,0.02,20.02MiB / 15.58GiB,0.13,
2026-06-08T23:50:27.869761,PostgreSQL,Relational,dashboard_statistics,cold,multi_process,4,2,1388.4015,4,0.0,127.5195,0.0,scheduling-postgres,0.01,20.54MiB / 15.58GiB,0.13,
2026-06-08T23:50:31.882052,PostgreSQL,Relational,dashboard_statistics,cold,single_process,1,3,27.4726,1,56.8,127.5195,0.0,scheduling-postgres,0.01,20.22MiB / 15.58GiB,0.13,
2026-06-08T23:50:36.291547,PostgreSQL,Relational,dashboard_statistics,cold,multi_process,4,3,1356.1918,4,0.0,127.5195,0.0,scheduling-postgres,0.01,19.86MiB / 15.58GiB,0.12,
2026-06-08T23:50:40.304014,PostgreSQL,Relational,dashboard_statistics,cold,single_process,1,4,38.8449,1,40.2,127.5195,0.0,scheduling-postgres,0.01,20.04MiB / 15.58GiB,0.13,
2026-06-08T23:50:44.716423,PostgreSQL,Relational,dashboard_statistics,cold,multi_process,4,4,1354.8456,4,0.0,127.5195,0.0,scheduling-postgres,0.01,19.87MiB / 15.58GiB,0.12,
2026-06-08T23:50:48.739063,PostgreSQL,Relational,dashboard_statistics,cold,single_process,1,5,34.1007,1,45.8,127.5195,0.0,scheduling-postgres,0.04,20.05MiB / 15.58GiB,0.13,
2026-06-08T23:50:53.153108,PostgreSQL,Relational,dashboard_statistics,cold,multi_process,4,5,1336.1686,4,0.0,127.5195,0.0,scheduling-postgres,0.05,20.51MiB / 15.58GiB,0.13,
2026-06-08T23:50:57.183814,PostgreSQL,Relational,dashboard_statistics,cold,single_process,1,6,33.4358,1,46.7,127.5195,0.0,scheduling-postgres,0.04,20.19MiB / 15.58GiB,0.13,
2026-06-08T23:51:01.589175,PostgreSQL,Relational,dashboard_statistics,cold,multi_process,4,6,1324.9631,4,0.0,127.5195,0.0,scheduling-postgres,0.39,20.46MiB / 15.58GiB,0.13,
2026-06-08T23:51:05.608095,PostgreSQL,Relational,dashboard_statistics,cold,single_process,1,7,37.8295,1,82.6,127.5195,0.0,scheduling-postgres,0.02,19.55MiB / 15.58GiB,0.12,
2026-06-08T23:51:10.013122,PostgreSQL,Relational,dashboard_statistics,cold,multi_process,4,7,1338.774,4,1.2,127.5195,0.0,scheduling-postgres,0.03,20.02MiB / 15.58GiB,0.13,
2026-06-08T23:51:14.023845,PostgreSQL,Relational,dashboard_statistics,cold,single_process,1,8,36.0331,1,43.3,127.5195,0.0,scheduling-postgres,0.03,19.54MiB / 15.58GiB,0.12,
2026-06-08T23:51:18.427751,PostgreSQL,Relational,dashboard_statistics,cold,multi_process,4,8,1342.9163,4,1.2,127.5195,0.0,scheduling-postgres,0.04,20.09MiB / 15.58GiB,0.13,
2026-06-08T23:51:22.461146,PostgreSQL,Relational,dashboard_statistics,cold,single_process,1,9,32.7805,1,47.6,127.5195,0.0,scheduling-postgres,0.04,19.68MiB / 15.58GiB,0.12,
2026-06-08T23:51:26.885060,PostgreSQL,Relational,dashboard_statistics,cold,multi_process,4,9,1352.6141,4,1.2,127.5195,0.0,scheduling-postgres,0.04,20.08MiB / 15.58GiB,0.13,
2026-06-08T23:51:30.914685,PostgreSQL,Relational,dashboard_statistics,cold,single_process,1,10,28.5753,1,0.0,127.5195,0.0,scheduling-postgres,0.03,19.55MiB / 15.58GiB,0.12,
2026-06-08T23:51:35.311414,PostgreSQL,Relational,dashboard_statistics,cold,multi_process,4,10,1328.6772,4,0.0,127.5195,0.0,scheduling-postgres,0.04,20.28MiB / 15.58GiB,0.13,
2026-06-08T23:51:39.338236,PostgreSQL,Relational,full_schedule,cold,single_process,1,1,35.8309,0,0.0,127.5195,0.0,scheduling-postgres,0.03,20.3MiB / 15.58GiB,0.13,
2026-06-08T23:51:43.752213,PostgreSQL,Relational,full_schedule,cold,multi_process,4,1,1338.3694,0,1.2,127.5195,0.0,scheduling-postgres,0.03,20.41MiB / 15.58GiB,0.13,
2026-06-08T23:51:47.775050,PostgreSQL,Relational,full_schedule,cold,single_process,1,2,24.9655,0,0.0,127.5195,0.0,scheduling-postgres,0.02,20.28MiB / 15.58GiB,0.13,
2026-06-08T23:51:52.206422,PostgreSQL,Relational,full_schedule,cold,multi_process,4,2,1360.5653,0,0.0,127.5195,0.0,scheduling-postgres,0.03,20.23MiB / 15.58GiB,0.13,
2026-06-08T23:51:56.235682,PostgreSQL,Relational,full_schedule,cold,single_process,1,3,29.1602,0,0.0,127.5195,0.0,scheduling-postgres,0.03,19.98MiB / 15.58GiB,0.13,
2026-06-08T23:52:00.622055,PostgreSQL,Relational,full_schedule,cold,multi_process,4,3,1326.2053,0,0.0,127.5195,0.0,scheduling-postgres,0.02,19.61MiB / 15.58GiB,0.12,
2026-06-08T23:52:04.638482,PostgreSQL,Relational,full_schedule,cold,single_process,1,4,22.3265,0,139.8,127.5195,0.0,scheduling-postgres,0.0,19.74MiB / 15.58GiB,0.12,
2026-06-08T23:52:09.056810,PostgreSQL,Relational,full_schedule,cold,multi_process,4,4,1344.4512,0,0.0,127.5195,0.0,scheduling-postgres,0.0,19.36MiB / 15.58GiB,0.12,
2026-06-08T23:52:13.065126,PostgreSQL,Relational,full_schedule,cold,single_process,1,5,32.4037,0,0.0,127.5195,0.0,scheduling-postgres,0.0,19.69MiB / 15.58GiB,0.12,
2026-06-08T23:52:17.485042,PostgreSQL,Relational,full_schedule,cold,multi_process,4,5,1366.5805,0,0.0,127.5195,0.0,scheduling-postgres,0.0,20.09MiB / 15.58GiB,0.13,
2026-06-08T23:52:21.499741,PostgreSQL,Relational,full_schedule,cold,single_process,1,6,29.8609,0,52.3,127.5195,0.0,scheduling-postgres,0.0,19.61MiB / 15.58GiB,0.12,
2026-06-08T23:52:25.909304,PostgreSQL,Relational,full_schedule,cold,multi_process,4,6,1354.5252,0,0.0,127.5195,0.0,scheduling-postgres,0.0,19.67MiB / 15.58GiB,0.12,
2026-06-08T23:52:29.916362,PostgreSQL,Relational,full_schedule,cold,single_process,1,7,22.2941,0,70.0,127.5195,0.0,scheduling-postgres,0.0,19.46MiB / 15.58GiB,0.12,
2026-06-08T23:52:34.303729,PostgreSQL,Relational,full_schedule,cold,multi_process,4,7,1331.4815,0,1.2,127.5195,0.0,scheduling-postgres,0.0,19.97MiB / 15.58GiB,0.13,
2026-06-08T23:52:38.314176,PostgreSQL,Relational,full_schedule,cold,single_process,1,8,24.9756,0,0.0,127.5195,0.0,scheduling-postgres,0.0,19.46MiB / 15.58GiB,0.12,
2026-06-08T23:52:42.712987,PostgreSQL,Relational,full_schedule,cold,multi_process,4,8,1342.8238,0,1.2,127.5195,0.0,scheduling-postgres,0.0,20.09MiB / 15.58GiB,0.13,
2026-06-08T23:52:46.722941,PostgreSQL,Relational,full_schedule,cold,single_process,1,9,36.0739,0,0.0,127.5195,0.0,scheduling-postgres,0.0,19.7MiB / 15.58GiB,0.12,
2026-06-08T23:52:51.107651,PostgreSQL,Relational,full_schedule,cold,multi_process,4,9,1330.1929,0,0.0,127.5195,0.0,scheduling-postgres,0.0,19.7MiB / 15.58GiB,0.12,
2026-06-08T23:52:55.118723,PostgreSQL,Relational,full_schedule,cold,single_process,1,10,32.2867,0,0.0,127.5195,0.0,scheduling-postgres,0.0,20.01MiB / 15.58GiB,0.13,
2026-06-08T23:52:59.575024,PostgreSQL,Relational,full_schedule,cold,multi_process,4,10,1399.0571,0,1.1,127.5195,0.0,scheduling-postgres,0.0,20.03MiB / 15.58GiB,0.13,
2026-06-08T23:53:03.585497,PostgreSQL,Relational,employee_assignments,cold,single_process,1,1,14.4375,53,108.1,127.5195,0.0,scheduling-postgres,0.0,19.93MiB / 15.58GiB,0.12,
2026-06-08T23:53:08.000546,PostgreSQL,Relational,employee_assignments,cold,multi_process,4,1,1358.282,212,1.2,127.5195,0.0,scheduling-postgres,0.0,21.02MiB / 15.58GiB,0.13,
2026-06-08T23:53:12.011504,PostgreSQL,Relational,employee_assignments,cold,single_process,1,2,33.8975,53,46.0,127.5195,0.0,scheduling-postgres,0.0,20.45MiB / 15.58GiB,0.13,
2026-06-08T23:53:16.405297,PostgreSQL,Relational,employee_assignments,cold,multi_process,4,2,1337.2561,212,1.2,127.5195,0.0,scheduling-postgres,0.0,20.54MiB / 15.58GiB,0.13,
2026-06-08T23:53:20.414975,PostgreSQL,Relational,employee_assignments,cold,single_process,1,3,25.3276,53,0.0,127.5195,0.0,scheduling-postgres,0.0,20.63MiB / 15.58GiB,0.13,
2026-06-08T23:53:24.814726,PostgreSQL,Relational,employee_assignments,cold,multi_process,4,3,1343.4935,212,0.0,127.5195,0.0,scheduling-postgres,0.0,20.52MiB / 15.58GiB,0.13,
2026-06-08T23:53:28.825397,PostgreSQL,Relational,employee_assignments,cold,single_process,1,4,36.1437,53,0.0,127.5195,0.0,scheduling-postgres,0.0,20.32MiB / 15.58GiB,0.13,
2026-06-08T23:53:33.224899,PostgreSQL,Relational,employee_assignments,cold,multi_process,4,4,1343.4374,212,0.0,127.5195,0.0,scheduling-postgres,0.0,20.88MiB / 15.58GiB,0.13,
2026-06-08T23:53:37.235185,PostgreSQL,Relational,employee_assignments,cold,single_process,1,5,37.435,53,0.0,127.5195,0.0,scheduling-postgres,0.0,20.38MiB / 15.58GiB,0.13,
2026-06-08T23:53:41.697580,PostgreSQL,Relational,employee_assignments,cold,multi_process,4,5,1405.6865,212,0.0,127.5195,0.0,scheduling-postgres,0.0,20.41MiB / 15.58GiB,0.13,
2026-06-08T23:53:45.711552,PostgreSQL,Relational,employee_assignments,cold,single_process,1,6,27.4697,53,0.0,127.5195,0.0,scheduling-postgres,0.0,20.56MiB / 15.58GiB,0.13,
2026-06-08T23:53:50.181766,PostgreSQL,Relational,employee_assignments,cold,multi_process,4,6,1417.9386,212,0.0,127.5195,0.0,scheduling-postgres,0.0,21.12MiB / 15.58GiB,0.13,
2026-06-08T23:53:54.193748,PostgreSQL,Relational,employee_assignments,cold,single_process,1,7,37.0348,53,0.0,127.5195,0.0,scheduling-postgres,0.0,20.45MiB / 15.58GiB,0.13,
2026-06-08T23:53:58.605490,PostgreSQL,Relational,employee_assignments,cold,multi_process,4,7,1356.8025,212,0.0,127.5195,0.0,scheduling-postgres,0.0,20.81MiB / 15.58GiB,0.13,
2026-06-08T23:54:02.617552,PostgreSQL,Relational,employee_assignments,cold,single_process,1,8,30.6135,53,0.0,127.5195,0.0,scheduling-postgres,0.38,20.32MiB / 15.58GiB,0.13,
2026-06-08T23:54:07.098608,PostgreSQL,Relational,employee_assignments,cold,multi_process,4,8,1424.8815,212,0.0,127.5195,0.0,scheduling-postgres,0.0,20.79MiB / 15.58GiB,0.13,
2026-06-08T23:54:11.109992,PostgreSQL,Relational,employee_assignments,cold,single_process,1,9,24.9574,53,0.0,127.5195,0.0,scheduling-postgres,0.0,20.22MiB / 15.58GiB,0.13,
2026-06-08T23:54:16.289109,PostgreSQL,Relational,employee_assignments,cold,multi_process,4,9,2122.6644,212,0.0,127.5195,0.0,scheduling-postgres,0.0,19.8MiB / 15.58GiB,0.12,
2026-06-08T23:54:20.300233,PostgreSQL,Relational,employee_assignments,cold,single_process,1,10,24.8962,53,62.7,127.5195,0.0,scheduling-postgres,0.0,20.09MiB / 15.58GiB,0.13,
2026-06-08T23:54:24.698955,PostgreSQL,Relational,employee_assignments,cold,multi_process,4,10,1346.4401,212,0.0,127.5352,0.0,scheduling-postgres,0.0,20.39MiB / 15.58GiB,0.13,
2026-06-08T23:54:28.718410,PostgreSQL,Relational,annual_leave_overlap,cold,single_process,1,1,24.7345,0,0.0,127.5352,0.0,scheduling-postgres,0.0,20.57MiB / 15.58GiB,0.13,
2026-06-08T23:54:33.109549,PostgreSQL,Relational,annual_leave_overlap,cold,multi_process,4,1,1338.1123,0,1.2,127.5352,0.0,scheduling-postgres,0.0,21.05MiB / 15.58GiB,0.13,
2026-06-08T23:54:37.119533,PostgreSQL,Relational,annual_leave_overlap,cold,single_process,1,2,14.4399,0,0.0,127.5352,0.0,scheduling-postgres,0.01,20.51MiB / 15.58GiB,0.13,
2026-06-08T23:54:41.778166,PostgreSQL,Relational,annual_leave_overlap,cold,multi_process,4,2,1594.6682,0,1.0,127.5352,0.0,scheduling-postgres,0.0,20.61MiB / 15.58GiB,0.13,
2026-06-08T23:54:45.808781,PostgreSQL,Relational,annual_leave_overlap,cold,single_process,1,3,37.4053,0,0.0,127.5352,0.0,scheduling-postgres,0.0,20.53MiB / 15.58GiB,0.13,
2026-06-08T23:54:51.348058,PostgreSQL,Relational,annual_leave_overlap,cold,multi_process,4,3,2468.8363,0,0.6,127.5352,0.0,scheduling-postgres,0.0,20.15MiB / 15.58GiB,0.13,
2026-06-08T23:54:55.379824,PostgreSQL,Relational,annual_leave_overlap,cold,single_process,1,4,31.5109,0,0.0,127.5352,0.0,scheduling-postgres,0.0,20.04MiB / 15.58GiB,0.13,
2026-06-08T23:54:59.799278,PostgreSQL,Relational,annual_leave_overlap,cold,multi_process,4,4,1343.1882,0,1.2,127.5352,0.0,scheduling-postgres,0.0,20.49MiB / 15.58GiB,0.13,
2026-06-08T23:55:03.826673,PostgreSQL,Relational,annual_leave_overlap,cold,single_process,1,5,30.3848,0,0.0,127.5352,0.0,scheduling-postgres,0.03,20.38MiB / 15.58GiB,0.13,
2026-06-08T23:55:08.299103,PostgreSQL,Relational,annual_leave_overlap,cold,multi_process,4,5,1399.7964,0,1.1,127.5352,0.0,scheduling-postgres,0.05,21.36MiB / 15.58GiB,0.13,
2026-06-08T23:55:12.316062,PostgreSQL,Relational,annual_leave_overlap,cold,single_process,1,6,22.5003,0,0.0,127.5352,0.0,scheduling-postgres,0.03,20.7MiB / 15.58GiB,0.13,
2026-06-08T23:55:16.843556,PostgreSQL,Relational,annual_leave_overlap,cold,multi_process,4,6,1446.1366,0,2.2,127.5352,0.0,scheduling-postgres,0.02,20.56MiB / 15.58GiB,0.13,
2026-06-08T23:55:20.859452,PostgreSQL,Relational,annual_leave_overlap,cold,single_process,1,7,23.388,0,0.0,127.5352,0.0,scheduling-postgres,0.0,20.25MiB / 15.58GiB,0.13,
2026-06-08T23:55:25.261886,PostgreSQL,Relational,annual_leave_overlap,cold,multi_process,4,7,1345.2149,0,1.2,127.5352,0.0,scheduling-postgres,0.0,20.75MiB / 15.58GiB,0.13,
2026-06-08T23:55:29.271810,PostgreSQL,Relational,annual_leave_overlap,cold,single_process,1,8,27.9898,0,0.0,127.5352,0.0,scheduling-postgres,0.0,20.49MiB / 15.58GiB,0.13,
2026-06-08T23:55:33.682736,PostgreSQL,Relational,annual_leave_overlap,cold,multi_process,4,8,1354.105,0,1.2,127.5352,0.0,scheduling-postgres,0.0,20.43MiB / 15.58GiB,0.13,
2026-06-08T23:55:37.692122,PostgreSQL,Relational,annual_leave_overlap,cold,single_process,1,9,27.9976,0,55.8,127.5352,0.0,scheduling-postgres,0.0,20.56MiB / 15.58GiB,0.13,
2026-06-08T23:55:43.071949,PostgreSQL,Relational,annual_leave_overlap,cold,multi_process,4,9,2323.0282,0,0.0,127.5352,0.0,scheduling-postgres,0.0,20.72MiB / 15.58GiB,0.13,
2026-06-08T23:55:47.081839,PostgreSQL,Relational,annual_leave_overlap,cold,single_process,1,10,30.0709,0,0.0,127.5352,0.0,scheduling-postgres,0.0,20.09MiB / 15.58GiB,0.13,
2026-06-08T23:55:51.485307,PostgreSQL,Relational,annual_leave_overlap,cold,multi_process,4,10,1346.7932,0,3.5,127.5352,0.0,scheduling-postgres,0.0,20.48MiB / 15.58GiB,0.13,
2026-06-08T23:55:55.495477,PostgreSQL,Relational,position_coverage,cold,single_process,1,1,38.4229,464,0.0,127.5195,0.0,scheduling-postgres,0.0,20.65MiB / 15.58GiB,0.13,
2026-06-08T23:55:59.898002,PostgreSQL,Relational,position_coverage,cold,multi_process,4,1,1343.1886,1856,0.0,127.5195,0.0,scheduling-postgres,0.0,21.51MiB / 15.58GiB,0.13,
2026-06-08T23:56:03.913851,PostgreSQL,Relational,position_coverage,cold,single_process,1,2,15.1327,464,103.1,127.5195,0.0,scheduling-postgres,0.0,20.68MiB / 15.58GiB,0.13,
2026-06-08T23:56:08.319062,PostgreSQL,Relational,position_coverage,cold,multi_process,4,2,1349.9668,1856,1.2,127.5195,0.0,scheduling-postgres,0.0,21.67MiB / 15.58GiB,0.14,
2026-06-08T23:56:12.328196,PostgreSQL,Relational,position_coverage,cold,single_process,1,3,15.6893,464,99.5,127.5195,0.0,scheduling-postgres,0.0,21.45MiB / 15.58GiB,0.13,
2026-06-08T23:56:16.732661,PostgreSQL,Relational,position_coverage,cold,multi_process,4,3,1344.2456,1856,0.0,127.5195,0.0,scheduling-postgres,0.0,21.69MiB / 15.58GiB,0.14,
2026-06-08T23:56:20.741622,PostgreSQL,Relational,position_coverage,cold,single_process,1,4,36.9097,464,42.3,127.5195,0.0,scheduling-postgres,0.0,21.14MiB / 15.58GiB,0.13,
2026-06-08T23:56:25.135719,PostgreSQL,Relational,position_coverage,cold,multi_process,4,4,1338.6409,1856,0.0,127.5195,0.0,scheduling-postgres,0.0,21.63MiB / 15.58GiB,0.14,
2026-06-08T23:56:29.146643,PostgreSQL,Relational,position_coverage,cold,single_process,1,5,29.149,464,0.0,127.5195,0.0,scheduling-postgres,0.0,20.93MiB / 15.58GiB,0.13,
2026-06-08T23:56:33.532598,PostgreSQL,Relational,position_coverage,cold,multi_process,4,5,1331.1021,1856,0.0,127.5195,0.0,scheduling-postgres,0.0,21.46MiB / 15.58GiB,0.13,
2026-06-08T23:56:37.544088,PostgreSQL,Relational,position_coverage,cold,single_process,1,6,33.7692,464,46.2,127.5195,0.0,scheduling-postgres,0.0,20.75MiB / 15.58GiB,0.13,
2026-06-08T23:56:41.970469,PostgreSQL,Relational,position_coverage,cold,multi_process,4,6,1371.9932,1856,1.1,127.5195,0.0,scheduling-postgres,0.0,20.89MiB / 15.58GiB,0.13,
2026-06-08T23:56:45.981087,PostgreSQL,Relational,position_coverage,cold,single_process,1,7,16.2135,464,96.2,127.5195,0.0,scheduling-postgres,0.0,20.6MiB / 15.58GiB,0.13,
2026-06-08T23:56:50.396710,PostgreSQL,Relational,position_coverage,cold,multi_process,4,7,1346.5871,1856,1.2,127.5195,0.0,scheduling-postgres,0.0,21.14MiB / 15.58GiB,0.13,
2026-06-08T23:56:54.404252,PostgreSQL,Relational,position_coverage,cold,single_process,1,8,17.1181,464,91.1,127.5195,0.0,scheduling-postgres,0.0,20.56MiB / 15.58GiB,0.13,
2026-06-08T23:56:58.811431,PostgreSQL,Relational,position_coverage,cold,multi_process,4,8,1353.0657,1856,1.2,127.5195,0.0,scheduling-postgres,0.0,20.92MiB / 15.58GiB,0.13,
2026-06-08T23:57:02.822180,PostgreSQL,Relational,position_coverage,cold,single_process,1,9,24.3507,464,0.0,127.5195,0.0,scheduling-postgres,0.0,20.61MiB / 15.58GiB,0.13,
2026-06-08T23:57:07.232733,PostgreSQL,Relational,position_coverage,cold,multi_process,4,9,1357.6667,1856,1.2,127.5195,0.0,scheduling-postgres,0.0,20.61MiB / 15.58GiB,0.13,
2026-06-08T23:57:11.243972,PostgreSQL,Relational,position_coverage,cold,single_process,1,10,26.0253,464,60.0,127.5195,0.0,scheduling-postgres,0.0,20.79MiB / 15.58GiB,0.13,
2026-06-08T23:57:15.642176,PostgreSQL,Relational,position_coverage,cold,multi_process,4,10,1341.5751,1856,0.0,127.5195,0.0,scheduling-postgres,0.0,21.29MiB / 15.58GiB,0.13,
2026-06-08T23:57:19.655322,MongoDB,Model A - normalized,dashboard_statistics,cold,single_process,1,1,49.6632,1,31.4,127.6836,0.1641,scheduler_mongo,0.43,209.5MiB / 15.58GiB,1.31,
2026-06-08T23:57:24.608616,MongoDB,Model A - normalized,dashboard_statistics,cold,multi_process,4,1,1896.4857,4,0.0,127.5195,0.0,scheduler_mongo,0.44,212.4MiB / 15.58GiB,1.33,
2026-06-08T23:57:28.620015,MongoDB,Model A - normalized,dashboard_statistics,cold,single_process,1,2,51.3371,1,0.0,127.6836,0.1641,scheduler_mongo,0.68,212.2MiB / 15.58GiB,1.33,
2026-06-08T23:57:33.553025,MongoDB,Model A - normalized,dashboard_statistics,cold,multi_process,4,2,1877.9354,4,1.7,127.5195,0.0,scheduler_mongo,0.39,212.5MiB / 15.58GiB,1.33,
2026-06-08T23:57:37.563814,MongoDB,Model A - normalized,dashboard_statistics,cold,single_process,1,3,51.3863,1,30.4,127.6836,0.1641,scheduler_mongo,0.38,212.2MiB / 15.58GiB,1.33,
2026-06-08T23:57:42.490651,MongoDB,Model A - normalized,dashboard_statistics,cold,multi_process,4,3,1871.9695,4,1.7,127.5195,0.0,scheduler_mongo,1.17,212.4MiB / 15.58GiB,1.33,
2026-06-08T23:57:46.511758,MongoDB,Model A - normalized,dashboard_statistics,cold,single_process,1,4,51.4756,1,30.3,127.6836,0.1641,scheduler_mongo,1.03,212.4MiB / 15.58GiB,1.33,
2026-06-08T23:57:51.440236,MongoDB,Model A - normalized,dashboard_statistics,cold,multi_process,4,4,1837.3907,4,0.0,127.5195,0.0,scheduler_mongo,0.65,211.9MiB / 15.58GiB,1.33,
2026-06-08T23:57:55.443167,MongoDB,Model A - normalized,dashboard_statistics,cold,single_process,1,5,57.8346,1,54.0,127.6836,0.1641,scheduler_mongo,0.76,212.2MiB / 15.58GiB,1.33,
2026-06-08T23:58:00.359273,MongoDB,Model A - normalized,dashboard_statistics,cold,multi_process,4,5,1831.2803,4,0.0,127.5195,0.0,scheduler_mongo,0.66,212.1MiB / 15.58GiB,1.33,
2026-06-08T23:58:04.390714,MongoDB,Model A - normalized,dashboard_statistics,cold,single_process,1,6,46.6773,1,33.5,127.6836,0.1641,scheduler_mongo,1.62,211.8MiB / 15.58GiB,1.33,
2026-06-08T23:58:09.279905,MongoDB,Model A - normalized,dashboard_statistics,cold,multi_process,4,6,1832.6244,4,0.9,127.5195,0.0,scheduler_mongo,1.0,212.1MiB / 15.58GiB,1.33,
2026-06-08T23:58:13.303749,MongoDB,Model A - normalized,dashboard_statistics,cold,single_process,1,7,54.5834,1,28.6,127.6836,0.1641,scheduler_mongo,1.66,212.6MiB / 15.58GiB,1.33,
2026-06-08T23:58:18.222860,MongoDB,Model A - normalized,dashboard_statistics,cold,multi_process,4,7,1851.5146,4,0.0,127.5195,0.0,scheduler_mongo,1.44,212.7MiB / 15.58GiB,1.33,
2026-06-08T23:58:22.233383,MongoDB,Model A - normalized,dashboard_statistics,cold,single_process,1,8,47.8743,1,32.6,127.6836,0.1641,scheduler_mongo,0.42,212.5MiB / 15.58GiB,1.33,
2026-06-08T23:58:27.143547,MongoDB,Model A - normalized,dashboard_statistics,cold,multi_process,4,8,1854.152,4,0.0,127.5195,0.0,scheduler_mongo,0.43,212.8MiB / 15.58GiB,1.33,
2026-06-08T23:58:31.153304,MongoDB,Model A - normalized,dashboard_statistics,cold,single_process,1,9,22.9111,1,68.1,127.6523,0.1328,scheduler_mongo,0.41,212.2MiB / 15.58GiB,1.33,
2026-06-08T23:58:36.062742,MongoDB,Model A - normalized,dashboard_statistics,cold,multi_process,4,9,1851.7308,4,0.0,127.5195,0.0,scheduler_mongo,0.41,212MiB / 15.58GiB,1.33,
2026-06-08T23:58:40.072870,MongoDB,Model A - normalized,dashboard_statistics,cold,single_process,1,10,52.4079,1,0.0,127.6836,0.1641,scheduler_mongo,0.39,213.4MiB / 15.58GiB,1.34,
2026-06-08T23:58:44.966916,MongoDB,Model A - normalized,dashboard_statistics,cold,multi_process,4,10,1839.1283,4,0.8,127.5195,0.0,scheduler_mongo,0.4,212.9MiB / 15.58GiB,1.34,
2026-06-08T23:58:48.977928,MongoDB,Model A - normalized,full_schedule,cold,single_process,1,1,35.203,1,44.3,127.6836,0.1641,scheduler_mongo,0.73,212.6MiB / 15.58GiB,1.33,
2026-06-08T23:58:53.894348,MongoDB,Model A - normalized,full_schedule,cold,multi_process,4,1,1856.1463,4,0.0,127.5195,0.0,scheduler_mongo,0.39,212.7MiB / 15.58GiB,1.33,
2026-06-08T23:58:57.906198,MongoDB,Model A - normalized,full_schedule,cold,single_process,1,2,55.993,1,0.0,127.6836,0.1641,scheduler_mongo,0.4,212.3MiB / 15.58GiB,1.33,
2026-06-08T23:59:02.830783,MongoDB,Model A - normalized,full_schedule,cold,multi_process,4,2,1869.5707,4,1.7,127.5195,0.0,scheduler_mongo,0.63,212.4MiB / 15.58GiB,1.33,
2026-06-08T23:59:06.840751,MongoDB,Model A - normalized,full_schedule,cold,single_process,1,3,19.5815,1,79.7,127.6523,0.1328,scheduler_mongo,0.41,212.3MiB / 15.58GiB,1.33,
2026-06-08T23:59:11.755315,MongoDB,Model A - normalized,full_schedule,cold,multi_process,4,3,1856.0789,4,0.0,127.5195,0.0,scheduler_mongo,0.37,212.1MiB / 15.58GiB,1.33,
2026-06-08T23:59:15.763945,MongoDB,Model A - normalized,full_schedule,cold,single_process,1,4,35.2207,1,44.3,127.6836,0.1641,scheduler_mongo,0.39,212.1MiB / 15.58GiB,1.33,
2026-06-08T23:59:20.671140,MongoDB,Model A - normalized,full_schedule,cold,multi_process,4,4,1849.8847,4,0.8,127.5195,0.0,scheduler_mongo,0.39,212.3MiB / 15.58GiB,1.33,
2026-06-08T23:59:24.682585,MongoDB,Model A - normalized,full_schedule,cold,single_process,1,5,30.9399,1,50.5,127.6836,0.1641,scheduler_mongo,0.38,213.1MiB / 15.58GiB,1.34,
2026-06-08T23:59:29.615816,MongoDB,Model A - normalized,full_schedule,cold,multi_process,4,5,1875.0645,4,1.7,127.5195,0.0,scheduler_mongo,0.39,212.2MiB / 15.58GiB,1.33,
2026-06-08T23:59:33.625677,MongoDB,Model A - normalized,full_schedule,cold,single_process,1,6,42.1779,1,37.0,127.6836,0.1641,scheduler_mongo,0.38,212.7MiB / 15.58GiB,1.33,
2026-06-08T23:59:38.536633,MongoDB,Model A - normalized,full_schedule,cold,multi_process,4,6,1850.8529,4,0.0,127.5195,0.0,scheduler_mongo,0.83,212.6MiB / 15.58GiB,1.33,
2026-06-08T23:59:42.546268,MongoDB,Model A - normalized,full_schedule,cold,single_process,1,7,50.8622,1,30.7,127.6836,0.1641,scheduler_mongo,0.43,212.9MiB / 15.58GiB,1.33,
2026-06-08T23:59:47.449141,MongoDB,Model A - normalized,full_schedule,cold,multi_process,4,7,1849.659,4,1.7,127.5195,0.0,scheduler_mongo,0.39,212.8MiB / 15.58GiB,1.33,
2026-06-08T23:59:51.460465,MongoDB,Model A - normalized,full_schedule,cold,single_process,1,8,35.4323,1,88.1,127.6836,0.1641,scheduler_mongo,0.4,212.4MiB / 15.58GiB,1.33,
2026-06-08T23:59:56.353893,MongoDB,Model A - normalized,full_schedule,cold,multi_process,4,8,1836.5149,4,0.0,127.5195,0.0,scheduler_mongo,0.4,212.4MiB / 15.58GiB,1.33,
2026-06-09T00:00:00.362724,MongoDB,Model A - normalized,full_schedule,cold,single_process,1,9,51.6039,1,0.0,127.6836,0.1641,scheduler_mongo,0.39,212.4MiB / 15.58GiB,1.33,
2026-06-09T00:00:05.303225,MongoDB,Model A - normalized,full_schedule,cold,multi_process,4,9,1885.128,4,0.0,127.5195,0.0,scheduler_mongo,0.37,213.9MiB / 15.58GiB,1.34,
2026-06-09T00:00:09.312465,MongoDB,Model A - normalized,full_schedule,cold,single_process,1,10,35.6073,1,43.9,127.6836,0.1641,scheduler_mongo,0.37,213.5MiB / 15.58GiB,1.34,
2026-06-09T00:00:14.258429,MongoDB,Model A - normalized,full_schedule,cold,multi_process,4,10,1886.5811,4,0.8,127.5195,0.0,scheduler_mongo,0.42,213.4MiB / 15.58GiB,1.34,
2026-06-09T00:00:18.270141,MongoDB,Model A - normalized,employee_assignments,cold,single_process,1,1,55.694,53,0.0,127.6836,0.1641,scheduler_mongo,0.85,214.2MiB / 15.58GiB,1.34,
2026-06-09T00:00:23.194423,MongoDB,Model A - normalized,employee_assignments,cold,multi_process,4,1,1867.6061,212,0.0,127.5195,0.0,scheduler_mongo,0.43,213.8MiB / 15.58GiB,1.34,
2026-06-09T00:00:27.203468,MongoDB,Model A - normalized,employee_assignments,cold,single_process,1,2,30.5199,53,51.2,127.6836,0.1641,scheduler_mongo,0.4,213.3MiB / 15.58GiB,1.34,
2026-06-09T00:00:32.111822,MongoDB,Model A - normalized,employee_assignments,cold,multi_process,4,2,1850.156,212,0.8,127.5195,0.0,scheduler_mongo,0.45,213.7MiB / 15.58GiB,1.34,
2026-06-09T00:00:36.121579,MongoDB,Model A - normalized,employee_assignments,cold,single_process,1,3,42.8132,53,0.0,127.6836,0.1641,scheduler_mongo,0.4,213MiB / 15.58GiB,1.34,
2026-06-09T00:00:41.059000,MongoDB,Model A - normalized,employee_assignments,cold,multi_process,4,3,1880.95,212,1.7,127.5195,0.0,scheduler_mongo,0.43,213.6MiB / 15.58GiB,1.34,
2026-06-09T00:00:45.078003,MongoDB,Model A - normalized,employee_assignments,cold,single_process,1,4,29.4421,53,53.0,127.6836,0.1641,scheduler_mongo,0.97,214.2MiB / 15.58GiB,1.34,
2026-06-09T00:00:49.988353,MongoDB,Model A - normalized,employee_assignments,cold,multi_process,4,4,1841.1138,212,0.0,127.5195,0.0,scheduler_mongo,0.48,214.3MiB / 15.58GiB,1.34,
2026-06-09T00:00:54.016547,MongoDB,Model A - normalized,employee_assignments,cold,single_process,1,5,46.2743,53,33.8,127.6836,0.1641,scheduler_mongo,0.75,214.1MiB / 15.58GiB,1.34,
2026-06-09T00:00:58.928431,MongoDB,Model A - normalized,employee_assignments,cold,multi_process,4,5,1852.1946,212,0.0,127.5195,0.0,scheduler_mongo,1.7,214.4MiB / 15.58GiB,1.34,
2026-06-09T00:01:02.951418,MongoDB,Model A - normalized,employee_assignments,cold,single_process,1,6,28.8683,53,54.1,127.6836,0.1641,scheduler_mongo,1.72,213.5MiB / 15.58GiB,1.34,
2026-06-09T00:01:07.865599,MongoDB,Model A - normalized,employee_assignments,cold,multi_process,4,6,1853.5306,212,0.8,127.5195,0.0,scheduler_mongo,0.37,213.9MiB / 15.58GiB,1.34,
2026-06-09T00:01:11.879416,MongoDB,Model A - normalized,employee_assignments,cold,single_process,1,7,51.7496,53,30.2,127.6836,0.1641,scheduler_mongo,0.39,213.2MiB / 15.58GiB,1.34,
2026-06-09T00:01:16.780420,MongoDB,Model A - normalized,employee_assignments,cold,multi_process,4,7,1847.8245,212,0.0,127.5195,0.0,scheduler_mongo,0.4,213.7MiB / 15.58GiB,1.34,
2026-06-09T00:01:20.792303,MongoDB,Model A - normalized,employee_assignments,cold,single_process,1,8,39.6218,53,39.4,127.6836,0.1641,scheduler_mongo,0.4,213.7MiB / 15.58GiB,1.34,
2026-06-09T00:01:25.703338,MongoDB,Model A - normalized,employee_assignments,cold,multi_process,4,8,1853.5204,212,0.0,127.5195,0.0,scheduler_mongo,0.4,213.8MiB / 15.58GiB,1.34,
2026-06-09T00:01:29.712969,MongoDB,Model A - normalized,employee_assignments,cold,single_process,1,9,49.8295,53,31.3,127.6836,0.1641,scheduler_mongo,0.39,213.8MiB / 15.58GiB,1.34,
2026-06-09T00:01:34.603515,MongoDB,Model A - normalized,employee_assignments,cold,multi_process,4,9,1834.7823,212,0.9,127.5195,0.0,scheduler_mongo,0.39,214.6MiB / 15.58GiB,1.35,
2026-06-09T00:01:38.614993,MongoDB,Model A - normalized,employee_assignments,cold,single_process,1,10,54.7771,53,57.0,127.6836,0.1641,scheduler_mongo,0.9,214MiB / 15.58GiB,1.34,
2026-06-09T00:01:43.561874,MongoDB,Model A - normalized,employee_assignments,cold,multi_process,4,10,1890.0949,212,0.8,127.5195,0.0,scheduler_mongo,0.39,213.8MiB / 15.58GiB,1.34,
2026-06-09T00:01:47.568427,MongoDB,Model A - normalized,annual_leave_overlap,cold,single_process,1,1,56.7999,0,55.0,127.6836,0.1641,scheduler_mongo,0.42,213.7MiB / 15.58GiB,1.34,
2026-06-09T00:01:52.490954,MongoDB,Model A - normalized,annual_leave_overlap,cold,multi_process,4,1,1867.6255,0,0.8,127.5195,0.0,scheduler_mongo,0.44,214.3MiB / 15.58GiB,1.34,
2026-06-09T00:01:56.501884,MongoDB,Model A - normalized,annual_leave_overlap,cold,single_process,1,2,31.669,0,49.3,127.6836,0.1641,scheduler_mongo,0.4,213.8MiB / 15.58GiB,1.34,
2026-06-09T00:02:01.441022,MongoDB,Model A - normalized,annual_leave_overlap,cold,multi_process,4,2,1886.2598,0,0.8,127.5195,0.0,scheduler_mongo,0.41,214.3MiB / 15.58GiB,1.34,
2026-06-09T00:02:05.453663,MongoDB,Model A - normalized,annual_leave_overlap,cold,single_process,1,3,27.7432,0,56.3,127.6836,0.1641,scheduler_mongo,0.45,214.1MiB / 15.58GiB,1.34,
2026-06-09T00:02:10.372001,MongoDB,Model A - normalized,annual_leave_overlap,cold,multi_process,4,3,1862.985,0,0.8,127.5195,0.0,scheduler_mongo,0.39,215.4MiB / 15.58GiB,1.35,
2026-06-09T00:02:14.383113,MongoDB,Model A - normalized,annual_leave_overlap,cold,single_process,1,4,27.4963,0,56.8,127.6836,0.1641,scheduler_mongo,0.39,214.3MiB / 15.58GiB,1.34,
2026-06-09T00:02:19.307436,MongoDB,Model A - normalized,annual_leave_overlap,cold,multi_process,4,4,1868.6116,0,0.8,127.5195,0.0,scheduler_mongo,0.37,215MiB / 15.58GiB,1.35,
2026-06-09T00:02:23.317607,MongoDB,Model A - normalized,annual_leave_overlap,cold,single_process,1,5,34.0126,0,0.0,127.6836,0.1641,scheduler_mongo,0.41,214.2MiB / 15.58GiB,1.34,
2026-06-09T00:02:28.229297,MongoDB,Model A - normalized,annual_leave_overlap,cold,multi_process,4,5,1853.7109,0,0.8,127.5195,0.0,scheduler_mongo,0.68,214.3MiB / 15.58GiB,1.34,
2026-06-09T00:02:32.239466,MongoDB,Model A - normalized,annual_leave_overlap,cold,single_process,1,6,41.5318,0,37.6,127.6836,0.1641,scheduler_mongo,0.39,214.9MiB / 15.58GiB,1.35,
2026-06-09T00:02:37.149979,MongoDB,Model A - normalized,annual_leave_overlap,cold,multi_process,4,6,1852.3438,0,0.0,127.5195,0.0,scheduler_mongo,0.4,213.8MiB / 15.58GiB,1.34,
2026-06-09T00:02:41.158018,MongoDB,Model A - normalized,annual_leave_overlap,cold,single_process,1,7,28.2124,0,55.3,127.6836,0.1641,scheduler_mongo,0.37,214.2MiB / 15.58GiB,1.34,
2026-06-09T00:02:46.055496,MongoDB,Model A - normalized,annual_leave_overlap,cold,multi_process,4,7,1840.6456,0,0.0,127.5195,0.0,scheduler_mongo,0.39,214.1MiB / 15.58GiB,1.34,
2026-06-09T00:02:50.066874,MongoDB,Model A - normalized,annual_leave_overlap,cold,single_process,1,8,51.1266,0,0.0,127.6836,0.1641,scheduler_mongo,0.42,214MiB / 15.58GiB,1.34,
2026-06-09T00:02:54.999950,MongoDB,Model A - normalized,annual_leave_overlap,cold,multi_process,4,8,1878.0702,0,0.8,127.5195,0.0,scheduler_mongo,0.38,214.2MiB / 15.58GiB,1.34,
2026-06-09T00:02:59.010681,MongoDB,Model A - normalized,annual_leave_overlap,cold,single_process,1,9,37.4206,0,41.7,127.6836,0.1641,scheduler_mongo,0.81,214.3MiB / 15.58GiB,1.34,
2026-06-09T00:03:03.960161,MongoDB,Model A - normalized,annual_leave_overlap,cold,multi_process,4,9,1895.5835,0,0.0,127.5195,0.0,scheduler_mongo,0.39,214.7MiB / 15.58GiB,1.35,
2026-06-09T00:03:07.973597,MongoDB,Model A - normalized,annual_leave_overlap,cold,single_process,1,10,33.534,0,46.6,127.6836,0.1641,scheduler_mongo,0.39,215.1MiB / 15.58GiB,1.35,
2026-06-09T00:03:12.918308,MongoDB,Model A - normalized,annual_leave_overlap,cold,multi_process,4,10,1892.9307,0,0.0,127.5195,0.0,scheduler_mongo,0.43,214.9MiB / 15.58GiB,1.35,
2026-06-09T00:03:16.929456,MongoDB,Model A - normalized,position_coverage,cold,single_process,1,1,49.7844,464,156.9,127.6836,0.1641,scheduler_mongo,0.4,206.9MiB / 15.58GiB,1.3,
2026-06-09T00:03:21.859419,MongoDB,Model A - normalized,position_coverage,cold,multi_process,4,1,1872.1332,1856,0.0,127.5195,0.0,scheduler_mongo,0.4,207.7MiB / 15.58GiB,1.3,
2026-06-09T00:03:25.869411,MongoDB,Model A - normalized,position_coverage,cold,single_process,1,2,58.2265,464,26.8,127.6836,0.1641,scheduler_mongo,0.43,207.2MiB / 15.58GiB,1.3,
2026-06-09T00:03:30.814149,MongoDB,Model A - normalized,position_coverage,cold,multi_process,4,2,1885.5918,1856,2.5,127.5195,0.0,scheduler_mongo,0.69,207.3MiB / 15.58GiB,1.3,
2026-06-09T00:03:34.835439,MongoDB,Model A - normalized,position_coverage,cold,single_process,1,3,45.4032,464,0.0,127.6836,0.1641,scheduler_mongo,1.48,207.7MiB / 15.58GiB,1.3,
2026-06-09T00:03:39.763613,MongoDB,Model A - normalized,position_coverage,cold,multi_process,4,3,1866.5352,1856,0.0,127.5195,0.0,scheduler_mongo,0.41,208.8MiB / 15.58GiB,1.31,
2026-06-09T00:03:43.776378,MongoDB,Model A - normalized,position_coverage,cold,single_process,1,4,36.3118,464,0.0,127.6836,0.1641,scheduler_mongo,0.4,208.1MiB / 15.58GiB,1.3,
2026-06-09T00:03:48.698629,MongoDB,Model A - normalized,position_coverage,cold,multi_process,4,4,1864.1564,1856,0.0,127.5195,0.0,scheduler_mongo,0.8,208.5MiB / 15.58GiB,1.31,
2026-06-09T00:03:52.711375,MongoDB,Model A - normalized,position_coverage,cold,single_process,1,5,45.6744,464,34.2,127.6836,0.1641,scheduler_mongo,0.43,208.6MiB / 15.58GiB,1.31,
2026-06-09T00:03:57.618404,MongoDB,Model A - normalized,position_coverage,cold,multi_process,4,5,1854.0215,1856,0.8,127.5195,0.0,scheduler_mongo,0.4,209.2MiB / 15.58GiB,1.31,
2026-06-09T00:04:01.629011,MongoDB,Model A - normalized,position_coverage,cold,single_process,1,6,62.4121,464,0.0,127.6836,0.1641,scheduler_mongo,0.39,208.1MiB / 15.58GiB,1.3,
2026-06-09T00:04:06.565174,MongoDB,Model A - normalized,position_coverage,cold,multi_process,4,6,1882.2593,1856,0.8,127.5195,0.0,scheduler_mongo,0.4,208.4MiB / 15.58GiB,1.31,
2026-06-09T00:04:10.576881,MongoDB,Model A - normalized,position_coverage,cold,single_process,1,7,60.5911,464,25.8,127.6836,0.1641,scheduler_mongo,0.39,208.1MiB / 15.58GiB,1.31,
2026-06-09T00:04:15.477616,MongoDB,Model A - normalized,position_coverage,cold,multi_process,4,7,1845.0562,1856,1.7,127.5195,0.0,scheduler_mongo,0.4,208.2MiB / 15.58GiB,1.31,
2026-06-09T00:04:19.487552,MongoDB,Model A - normalized,position_coverage,cold,single_process,1,8,39.839,464,39.2,127.6836,0.1641,scheduler_mongo,0.41,208.8MiB / 15.58GiB,1.31,
2026-06-09T00:04:24.384963,MongoDB,Model A - normalized,position_coverage,cold,multi_process,4,8,1835.8715,1856,0.9,127.5195,0.0,scheduler_mongo,0.42,208.8MiB / 15.58GiB,1.31,
2026-06-09T00:04:28.394618,MongoDB,Model A - normalized,position_coverage,cold,single_process,1,9,54.8664,464,113.9,127.6836,0.1641,scheduler_mongo,0.8,208.8MiB / 15.58GiB,1.31,
2026-06-09T00:04:33.301724,MongoDB,Model A - normalized,position_coverage,cold,multi_process,4,9,1850.0056,1856,0.0,127.5195,0.0,scheduler_mongo,0.44,208.2MiB / 15.58GiB,1.31,
2026-06-09T00:04:37.309734,MongoDB,Model A - normalized,position_coverage,cold,single_process,1,10,59.7633,464,26.1,127.6836,0.1641,scheduler_mongo,0.4,208.7MiB / 15.58GiB,1.31,
2026-06-09T00:04:42.231933,MongoDB,Model A - normalized,position_coverage,cold,multi_process,4,10,1863.6714,1856,0.8,127.5195,0.0,scheduler_mongo,0.44,208.3MiB / 15.58GiB,1.31,
2026-06-09T00:04:46.244193,MongoDB,Model B - aggregated,dashboard_statistics,cold,single_process,1,1,47.0824,1,33.2,127.6836,0.1641,scheduler_mongo,0.4,209.3MiB / 15.58GiB,1.31,
2026-06-09T00:04:51.136936,MongoDB,Model B - aggregated,dashboard_statistics,cold,multi_process,4,1,1838.7824,4,0.8,127.5195,0.0,scheduler_mongo,0.39,210.3MiB / 15.58GiB,1.32,
2026-06-09T00:04:55.146689,MongoDB,Model B - aggregated,dashboard_statistics,cold,single_process,1,2,51.8885,1,30.1,127.6836,0.1641,scheduler_mongo,0.4,210.2MiB / 15.58GiB,1.32,
2026-06-09T00:05:00.061705,MongoDB,Model B - aggregated,dashboard_statistics,cold,multi_process,4,2,1855.4506,4,0.8,127.5195,0.0,scheduler_mongo,0.41,210.3MiB / 15.58GiB,1.32,
2026-06-09T00:05:04.072279,MongoDB,Model B - aggregated,dashboard_statistics,cold,single_process,1,3,58.5188,1,26.7,127.6836,0.1641,scheduler_mongo,0.41,211.2MiB / 15.58GiB,1.32,
2026-06-09T00:05:09.009280,MongoDB,Model B - aggregated,dashboard_statistics,cold,multi_process,4,3,1880.6251,4,0.0,127.5195,0.0,scheduler_mongo,0.87,210.8MiB / 15.58GiB,1.32,
2026-06-09T00:05:13.018558,MongoDB,Model B - aggregated,dashboard_statistics,cold,single_process,1,4,43.1179,1,36.2,127.6836,0.1641,scheduler_mongo,0.4,211.3MiB / 15.58GiB,1.32,
2026-06-09T00:05:17.916199,MongoDB,Model B - aggregated,dashboard_statistics,cold,multi_process,4,4,1836.4921,4,0.9,127.5195,0.0,scheduler_mongo,0.39,210.7MiB / 15.58GiB,1.32,
2026-06-09T00:05:21.927151,MongoDB,Model B - aggregated,dashboard_statistics,cold,single_process,1,5,38.7266,1,0.0,127.6875,0.168,scheduler_mongo,0.41,210.7MiB / 15.58GiB,1.32,
2026-06-09T00:05:26.848751,MongoDB,Model B - aggregated,dashboard_statistics,cold,multi_process,4,5,1865.7429,4,0.0,127.5195,0.0,scheduler_mongo,0.39,211.1MiB / 15.58GiB,1.32,
2026-06-09T00:05:30.859302,MongoDB,Model B - aggregated,dashboard_statistics,cold,single_process,1,6,43.7967,1,35.7,127.6836,0.1641,scheduler_mongo,0.43,210.6MiB / 15.58GiB,1.32,
2026-06-09T00:05:35.786812,MongoDB,Model B - aggregated,dashboard_statistics,cold,multi_process,4,6,1869.9648,4,0.0,127.5195,0.0,scheduler_mongo,0.39,210.6MiB / 15.58GiB,1.32,
2026-06-09T00:05:39.797139,MongoDB,Model B - aggregated,dashboard_statistics,cold,single_process,1,7,43.8176,1,0.0,127.6836,0.1641,scheduler_mongo,0.39,211.5MiB / 15.58GiB,1.33,
2026-06-09T00:05:44.709274,MongoDB,Model B - aggregated,dashboard_statistics,cold,multi_process,4,7,1854.2508,4,0.8,127.5195,0.0,scheduler_mongo,0.42,210.9MiB / 15.58GiB,1.32,
2026-06-09T00:05:48.721701,MongoDB,Model B - aggregated,dashboard_statistics,cold,single_process,1,8,41.4727,1,0.0,127.6836,0.1641,scheduler_mongo,0.95,210.8MiB / 15.58GiB,1.32,
2026-06-09T00:05:53.653119,MongoDB,Model B - aggregated,dashboard_statistics,cold,multi_process,4,8,1879.0042,4,0.8,127.5195,0.0,scheduler_mongo,0.41,211.6MiB / 15.58GiB,1.33,
2026-06-09T00:05:57.662932,MongoDB,Model B - aggregated,dashboard_statistics,cold,single_process,1,9,55.0352,1,28.4,127.6836,0.1641,scheduler_mongo,0.44,211.1MiB / 15.58GiB,1.32,
2026-06-09T00:06:02.595005,MongoDB,Model B - aggregated,dashboard_statistics,cold,multi_process,4,9,1876.3171,4,0.0,127.5195,0.0,scheduler_mongo,0.64,210.8MiB / 15.58GiB,1.32,
2026-06-09T00:06:06.605295,MongoDB,Model B - aggregated,dashboard_statistics,cold,single_process,1,10,34.6731,1,45.0,127.6836,0.1641,scheduler_mongo,0.39,210MiB / 15.58GiB,1.32,
2026-06-09T00:06:11.513230,MongoDB,Model B - aggregated,dashboard_statistics,cold,multi_process,4,10,1850.1841,4,0.0,127.5195,0.0,scheduler_mongo,0.42,210.1MiB / 15.58GiB,1.32,
2026-06-09T00:06:15.523012,MongoDB,Model B - aggregated,full_schedule,cold,single_process,1,1,48.1578,0,0.0,127.6836,0.1641,scheduler_mongo,0.41,210.6MiB / 15.58GiB,1.32,
2026-06-09T00:06:20.407446,MongoDB,Model B - aggregated,full_schedule,cold,multi_process,4,1,1825.0443,0,0.9,127.5195,0.0,scheduler_mongo,0.39,211.3MiB / 15.58GiB,1.32,
2026-06-09T00:06:24.418323,MongoDB,Model B - aggregated,full_schedule,cold,single_process,1,2,41.9771,0,37.2,127.6836,0.1641,scheduler_mongo,0.39,211.3MiB / 15.58GiB,1.32,
2026-06-09T00:06:29.319679,MongoDB,Model B - aggregated,full_schedule,cold,multi_process,4,2,1846.5228,0,0.0,127.5195,0.0,scheduler_mongo,0.38,211.4MiB / 15.58GiB,1.33,
2026-06-09T00:06:33.332366,MongoDB,Model B - aggregated,full_schedule,cold,single_process,1,3,54.1575,0,28.8,127.6836,0.1641,scheduler_mongo,0.44,211.1MiB / 15.58GiB,1.32,
2026-06-09T00:06:38.231184,MongoDB,Model B - aggregated,full_schedule,cold,multi_process,4,3,1845.3556,0,0.8,127.5195,0.0,scheduler_mongo,0.92,210.8MiB / 15.58GiB,1.32,
2026-06-09T00:06:42.241516,MongoDB,Model B - aggregated,full_schedule,cold,single_process,1,4,29.3176,0,53.3,127.6836,0.1641,scheduler_mongo,0.4,211MiB / 15.58GiB,1.32,
2026-06-09T00:06:47.143231,MongoDB,Model B - aggregated,full_schedule,cold,multi_process,4,4,1842.5483,0,0.0,127.5195,0.0,scheduler_mongo,0.39,210.9MiB / 15.58GiB,1.32,
2026-06-09T00:06:51.154381,MongoDB,Model B - aggregated,full_schedule,cold,single_process,1,5,49.112,0,31.8,127.6836,0.1641,scheduler_mongo,0.38,210.8MiB / 15.58GiB,1.32,
2026-06-09T00:06:56.046972,MongoDB,Model B - aggregated,full_schedule,cold,multi_process,4,5,1835.1615,0,0.9,127.5195,0.0,scheduler_mongo,0.39,210.5MiB / 15.58GiB,1.32,
2026-06-09T00:07:00.054615,MongoDB,Model B - aggregated,full_schedule,cold,single_process,1,6,38.8779,0,40.2,127.6836,0.1641,scheduler_mongo,0.38,210.9MiB / 15.58GiB,1.32,
2026-06-09T00:07:04.940092,MongoDB,Model B - aggregated,full_schedule,cold,multi_process,4,6,1824.4753,0,0.0,127.5195,0.0,scheduler_mongo,0.4,210.6MiB / 15.58GiB,1.32,
2026-06-09T00:07:08.949101,MongoDB,Model B - aggregated,full_schedule,cold,single_process,1,7,49.8901,0,31.3,127.6836,0.1641,scheduler_mongo,0.95,210.8MiB / 15.58GiB,1.32,
2026-06-09T00:07:13.864243,MongoDB,Model B - aggregated,full_schedule,cold,multi_process,4,7,1859.9781,0,0.0,127.5195,0.0,scheduler_mongo,0.41,210.5MiB / 15.58GiB,1.32,
2026-06-09T00:07:17.876109,MongoDB,Model B - aggregated,full_schedule,cold,single_process,1,8,38.2391,0,81.7,127.6836,0.1641,scheduler_mongo,0.94,210.7MiB / 15.58GiB,1.32,
2026-06-09T00:07:22.803501,MongoDB,Model B - aggregated,full_schedule,cold,multi_process,4,8,1868.2221,0,0.0,127.5195,0.0,scheduler_mongo,0.41,210.8MiB / 15.58GiB,1.32,
2026-06-09T00:07:26.812778,MongoDB,Model B - aggregated,full_schedule,cold,single_process,1,9,36.8542,0,0.0,127.6836,0.1641,scheduler_mongo,0.37,210.7MiB / 15.58GiB,1.32,
2026-06-09T00:07:31.742857,MongoDB,Model B - aggregated,full_schedule,cold,multi_process,4,9,1872.032,0,1.7,127.5195,0.0,scheduler_mongo,0.41,211.5MiB / 15.58GiB,1.33,
2026-06-09T00:07:35.751932,MongoDB,Model B - aggregated,full_schedule,cold,single_process,1,10,19.8073,0,157.6,127.6836,0.1641,scheduler_mongo,0.41,210.8MiB / 15.58GiB,1.32,
2026-06-09T00:07:40.649079,MongoDB,Model B - aggregated,full_schedule,cold,multi_process,4,10,1837.8947,0,0.9,127.5195,0.0,scheduler_mongo,0.39,210.4MiB / 15.58GiB,1.32,
2026-06-09T00:07:44.658782,MongoDB,Model B - aggregated,employee_assignments,cold,single_process,1,1,20.5506,53,227.9,127.6836,0.1641,scheduler_mongo,0.42,210.9MiB / 15.58GiB,1.32,
2026-06-09T00:07:49.563060,MongoDB,Model B - aggregated,employee_assignments,cold,multi_process,4,1,1847.4479,212,0.8,127.5195,0.0,scheduler_mongo,0.42,212.5MiB / 15.58GiB,1.33,
2026-06-09T00:07:53.573746,MongoDB,Model B - aggregated,employee_assignments,cold,single_process,1,2,54.1792,53,28.8,127.6836,0.1641,scheduler_mongo,0.44,212.6MiB / 15.58GiB,1.33,
2026-06-09T00:07:58.490779,MongoDB,Model B - aggregated,employee_assignments,cold,multi_process,4,2,1857.192,212,0.0,127.5195,0.0,scheduler_mongo,0.76,214.3MiB / 15.58GiB,1.34,
2026-06-09T00:08:02.500151,MongoDB,Model B - aggregated,employee_assignments,cold,single_process,1,3,59.1624,53,52.8,127.6836,0.1641,scheduler_mongo,0.64,214.5MiB / 15.58GiB,1.34,
2026-06-09T00:08:07.438275,MongoDB,Model B - aggregated,employee_assignments,cold,multi_process,4,3,1879.5322,212,0.0,127.5195,0.0,scheduler_mongo,0.46,214.6MiB / 15.58GiB,1.35,
2026-06-09T00:08:11.447396,MongoDB,Model B - aggregated,employee_assignments,cold,single_process,1,4,35.8289,53,43.6,127.6836,0.1641,scheduler_mongo,0.44,214.4MiB / 15.58GiB,1.34,
2026-06-09T00:08:16.382832,MongoDB,Model B - aggregated,employee_assignments,cold,multi_process,4,4,1878.8802,212,0.8,127.5195,0.0,scheduler_mongo,0.39,214.2MiB / 15.58GiB,1.34,
2026-06-09T00:08:20.397282,MongoDB,Model B - aggregated,employee_assignments,cold,single_process,1,5,32.3409,53,48.3,127.6836,0.1641,scheduler_mongo,0.37,215MiB / 15.58GiB,1.35,
2026-06-09T00:08:25.316985,MongoDB,Model B - aggregated,employee_assignments,cold,multi_process,4,5,1867.8142,212,0.8,127.5195,0.0,scheduler_mongo,0.39,215MiB / 15.58GiB,1.35,
2026-06-09T00:08:29.327413,MongoDB,Model B - aggregated,employee_assignments,cold,single_process,1,6,36.5854,53,42.7,127.6836,0.1641,scheduler_mongo,0.4,214.6MiB / 15.58GiB,1.35,
2026-06-09T00:08:34.236142,MongoDB,Model B - aggregated,employee_assignments,cold,multi_process,4,6,1851.4079,212,0.0,127.5195,0.0,scheduler_mongo,0.39,214.8MiB / 15.58GiB,1.35,
2026-06-09T00:08:38.244928,MongoDB,Model B - aggregated,employee_assignments,cold,single_process,1,7,35.7814,53,43.6,127.6836,0.1641,scheduler_mongo,0.82,215MiB / 15.58GiB,1.35,
2026-06-09T00:08:43.176808,MongoDB,Model B - aggregated,employee_assignments,cold,multi_process,4,7,1875.0472,212,0.0,127.5195,0.0,scheduler_mongo,0.42,214.6MiB / 15.58GiB,1.35,
2026-06-09T00:08:47.186634,MongoDB,Model B - aggregated,employee_assignments,cold,single_process,1,8,31.0892,53,50.2,127.6836,0.1641,scheduler_mongo,0.4,214.9MiB / 15.58GiB,1.35,
2026-06-09T00:08:52.101363,MongoDB,Model B - aggregated,employee_assignments,cold,multi_process,4,8,1858.0238,212,0.0,127.5195,0.0,scheduler_mongo,0.4,214.6MiB / 15.58GiB,1.35,
2026-06-09T00:08:56.111995,MongoDB,Model B - aggregated,employee_assignments,cold,single_process,1,9,42.5828,53,36.7,127.6836,0.1641,scheduler_mongo,0.37,214.8MiB / 15.58GiB,1.35,
2026-06-09T00:09:01.029121,MongoDB,Model B - aggregated,employee_assignments,cold,multi_process,4,9,1862.6886,212,0.8,127.5195,0.0,scheduler_mongo,0.4,214.2MiB / 15.58GiB,1.34,
2026-06-09T00:09:05.038756,MongoDB,Model B - aggregated,employee_assignments,cold,single_process,1,10,36.6054,53,85.3,127.6836,0.1641,scheduler_mongo,0.4,215.2MiB / 15.58GiB,1.35,
2026-06-09T00:09:09.958303,MongoDB,Model B - aggregated,employee_assignments,cold,multi_process,4,10,1860.6842,212,0.8,127.5195,0.0,scheduler_mongo,0.39,216.5MiB / 15.58GiB,1.36,
2026-06-09T00:09:13.971504,MongoDB,Model B - aggregated,annual_leave_overlap,cold,single_process,1,1,41.7036,0,37.4,127.6836,0.1641,scheduler_mongo,0.42,216.6MiB / 15.58GiB,1.36,
2026-06-09T00:09:18.874039,MongoDB,Model B - aggregated,annual_leave_overlap,cold,multi_process,4,1,1843.3268,0,1.7,127.5195,0.0,scheduler_mongo,0.83,216.8MiB / 15.58GiB,1.36,
2026-06-09T00:09:22.881568,MongoDB,Model B - aggregated,annual_leave_overlap,cold,single_process,1,2,40.216,0,77.7,127.6875,0.168,scheduler_mongo,0.43,216.6MiB / 15.58GiB,1.36,
2026-06-09T00:09:27.789226,MongoDB,Model B - aggregated,annual_leave_overlap,cold,multi_process,4,2,1851.3719,0,0.0,127.5234,0.0,scheduler_mongo,0.39,216.2MiB / 15.58GiB,1.36,
2026-06-09T00:09:31.800705,MongoDB,Model B - aggregated,annual_leave_overlap,cold,single_process,1,3,51.9173,0,0.0,127.6875,0.1641,scheduler_mongo,0.4,216.6MiB / 15.58GiB,1.36,
2026-06-09T00:09:36.740416,MongoDB,Model B - aggregated,annual_leave_overlap,cold,multi_process,4,3,1883.9841,0,1.7,127.5234,0.0,scheduler_mongo,0.39,216.8MiB / 15.58GiB,1.36,
2026-06-09T00:09:40.749186,MongoDB,Model B - aggregated,annual_leave_overlap,cold,single_process,1,4,35.478,0,44.0,127.6875,0.1641,scheduler_mongo,0.38,216.1MiB / 15.58GiB,1.35,
2026-06-09T00:09:45.636955,MongoDB,Model B - aggregated,annual_leave_overlap,cold,multi_process,4,4,1827.5739,0,0.0,127.5234,0.0,scheduler_mongo,0.4,216MiB / 15.58GiB,1.35,
2026-06-09T00:09:49.649456,MongoDB,Model B - aggregated,annual_leave_overlap,cold,single_process,1,5,37.8049,0,41.3,127.6562,0.1328,scheduler_mongo,0.39,216.6MiB / 15.58GiB,1.36,
2026-06-09T00:09:54.567262,MongoDB,Model B - aggregated,annual_leave_overlap,cold,multi_process,4,5,1864.3412,0,0.8,127.5234,0.0,scheduler_mongo,0.4,216.4MiB / 15.58GiB,1.36,
2026-06-09T00:09:58.578480,MongoDB,Model B - aggregated,annual_leave_overlap,cold,single_process,1,6,50.5666,0,123.5,127.6875,0.1641,scheduler_mongo,0.85,216.6MiB / 15.58GiB,1.36,
2026-06-09T00:10:03.480022,MongoDB,Model B - aggregated,annual_leave_overlap,cold,multi_process,4,6,1845.8134,0,1.7,127.5234,0.0,scheduler_mongo,1.39,216MiB / 15.58GiB,1.35,
2026-06-09T00:10:07.492916,MongoDB,Model B - aggregated,annual_leave_overlap,cold,single_process,1,7,51.1203,0,30.6,127.6875,0.1641,scheduler_mongo,0.43,216.3MiB / 15.58GiB,1.36,
2026-06-09T00:10:12.414762,MongoDB,Model B - aggregated,annual_leave_overlap,cold,multi_process,4,7,1868.5476,0,0.8,127.5234,0.0,scheduler_mongo,0.39,216.8MiB / 15.58GiB,1.36,
2026-06-09T00:10:16.433958,MongoDB,Model B - aggregated,annual_leave_overlap,cold,single_process,1,8,52.1335,0,30.0,127.6875,0.1641,scheduler_mongo,0.4,216.2MiB / 15.58GiB,1.36,
2026-06-09T00:10:21.377727,MongoDB,Model B - aggregated,annual_leave_overlap,cold,multi_process,4,8,1889.1153,0,0.8,127.5234,0.0,scheduler_mongo,0.43,216MiB / 15.58GiB,1.35,
2026-06-09T00:10:25.384569,MongoDB,Model B - aggregated,annual_leave_overlap,cold,single_process,1,9,31.8267,0,0.0,127.6875,0.1641,scheduler_mongo,0.39,215.9MiB / 15.58GiB,1.35,
2026-06-09T00:10:30.293816,MongoDB,Model B - aggregated,annual_leave_overlap,cold,multi_process,4,9,1853.0484,0,0.8,127.5234,0.0,scheduler_mongo,0.39,216.5MiB / 15.58GiB,1.36,
2026-06-09T00:10:34.303704,MongoDB,Model B - aggregated,annual_leave_overlap,cold,single_process,1,10,19.7893,0,78.8,127.6875,0.1641,scheduler_mongo,0.68,216.6MiB / 15.58GiB,1.36,
2026-06-09T00:10:39.239306,MongoDB,Model B - aggregated,annual_leave_overlap,cold,multi_process,4,10,1879.9407,0,0.0,127.5234,0.0,scheduler_mongo,0.42,216.6MiB / 15.58GiB,1.36,
2026-06-09T00:10:43.250186,MongoDB,Model B - aggregated,position_coverage,cold,single_process,1,1,53.5436,464,29.2,127.6875,0.1641,scheduler_mongo,0.45,212.8MiB / 15.58GiB,1.33,
2026-06-09T00:10:48.143939,MongoDB,Model B - aggregated,position_coverage,cold,multi_process,4,1,1835.5502,1856,0.9,127.5234,0.0,scheduler_mongo,0.91,213.8MiB / 15.58GiB,1.34,
2026-06-09T00:10:52.167160,MongoDB,Model B - aggregated,position_coverage,cold,single_process,1,2,63.9149,464,0.0,127.6875,0.1641,scheduler_mongo,1.08,213.9MiB / 15.58GiB,1.34,
2026-06-09T00:10:57.071448,MongoDB,Model B - aggregated,position_coverage,cold,multi_process,4,2,1849.4737,1856,1.7,127.5234,0.0,scheduler_mongo,0.39,214MiB / 15.58GiB,1.34,
2026-06-09T00:11:01.082834,MongoDB,Model B - aggregated,position_coverage,cold,single_process,1,3,47.4995,464,32.9,127.6875,0.1641,scheduler_mongo,0.41,214MiB / 15.58GiB,1.34,
2026-06-09T00:11:06.003878,MongoDB,Model B - aggregated,position_coverage,cold,multi_process,4,3,1866.842,1856,1.7,127.5234,0.0,scheduler_mongo,0.39,214MiB / 15.58GiB,1.34,
2026-06-09T00:11:10.013835,MongoDB,Model B - aggregated,position_coverage,cold,single_process,1,4,51.824,464,30.1,127.6875,0.1641,scheduler_mongo,0.47,214.7MiB / 15.58GiB,1.35,
2026-06-09T00:11:14.904918,MongoDB,Model B - aggregated,position_coverage,cold,multi_process,4,4,1832.2015,1856,0.0,127.5234,0.0,scheduler_mongo,0.41,213.7MiB / 15.58GiB,1.34,
2026-06-09T00:11:18.915403,MongoDB,Model B - aggregated,position_coverage,cold,single_process,1,5,55.7031,464,0.0,127.6875,0.1641,scheduler_mongo,0.9,213.6MiB / 15.58GiB,1.34,
2026-06-09T00:11:23.812616,MongoDB,Model B - aggregated,position_coverage,cold,multi_process,4,5,1844.3378,1856,0.8,127.5234,0.0,scheduler_mongo,0.41,214.5MiB / 15.58GiB,1.34,
2026-06-09T00:11:27.824856,MongoDB,Model B - aggregated,position_coverage,cold,single_process,1,6,51.9811,464,0.0,127.6875,0.1641,scheduler_mongo,0.4,214.4MiB / 15.58GiB,1.34,
2026-06-09T00:11:32.725787,MongoDB,Model B - aggregated,position_coverage,cold,multi_process,4,6,1842.5676,1856,0.8,127.5234,0.0,scheduler_mongo,0.4,216.4MiB / 15.58GiB,1.36,
2026-06-09T00:11:36.735257,MongoDB,Model B - aggregated,position_coverage,cold,single_process,1,7,39.7303,464,39.3,127.6875,0.1641,scheduler_mongo,0.4,214.4MiB / 15.58GiB,1.34,
2026-06-09T00:11:41.640398,MongoDB,Model B - aggregated,position_coverage,cold,multi_process,4,7,1847.9506,1856,0.0,127.5234,0.0,scheduler_mongo,0.41,214.5MiB / 15.58GiB,1.34,
2026-06-09T00:11:45.648954,MongoDB,Model B - aggregated,position_coverage,cold,single_process,1,8,59.892,464,26.1,127.6875,0.1641,scheduler_mongo,0.38,214.3MiB / 15.58GiB,1.34,
2026-06-09T00:11:50.569339,MongoDB,Model B - aggregated,position_coverage,cold,multi_process,4,8,1862.438,1856,0.0,127.5234,0.0,scheduler_mongo,0.4,214.1MiB / 15.58GiB,1.34,
2026-06-09T00:11:54.580306,MongoDB,Model B - aggregated,position_coverage,cold,single_process,1,9,61.9314,464,25.2,127.6875,0.1641,scheduler_mongo,0.4,213.9MiB / 15.58GiB,1.34,
2026-06-09T00:11:59.491894,MongoDB,Model B - aggregated,position_coverage,cold,multi_process,4,9,1853.4852,1856,0.0,127.5234,0.0,scheduler_mongo,0.39,214.1MiB / 15.58GiB,1.34,
2026-06-09T00:12:03.500509,MongoDB,Model B - aggregated,position_coverage,cold,single_process,1,10,63.3812,464,0.0,127.6875,0.1641,scheduler_mongo,0.57,213.8MiB / 15.58GiB,1.34,
2026-06-09T00:12:08.377969,MongoDB,Model B - aggregated,position_coverage,cold,multi_process,4,10,1822.5637,1856,0.0,127.5234,0.0,scheduler_mongo,0.94,217.2MiB / 15.58GiB,1.36,
